Date,Open,High,Low,Close,Adj Close,Volume
8/29/2014,45.09,45.439999,44.860001,45.43,40.667454,21607600
9/2/2014,45.43,45.459999,44.849998,45.09,40.363098,22976800
9/3/2014,44.529999,45.110001,44.529999,44.959999,40.246719,33684500
9/4/2014,44.740002,45.27,44.720001,45.259998,40.515274,26475500
9/5/2014,45.110001,45.93,45.110001,45.91,41.09713,36939400
9/8/2014,46.02,46.799999,45.990002,46.470001,41.598427,45736700
9/9/2014,46.470001,46.970001,46.419998,46.759998,41.858036,40302400
9/10/2014,46.82,46.939999,46.279999,46.84,41.929638,27302400
9/11/2014,46.740002,47,46.470001,47,42.072861,29216400
9/12/2014,46.91,47.02,46.599998,46.700001,41.804314,38244700
9/15/2014,46.540001,46.709999,46.099998,46.240002,41.392536,37667600
9/16/2014,46.389999,46.849998,46.290001,46.759998,41.858036,27910600
9/17/2014,46.259998,46.689999,46.23,46.52,41.643196,38311900
9/18/2014,46.59,46.830002,46.459999,46.68,41.786419,35556600
9/19/2014,46.810001,47.57,46.599998,47.52,42.538345,202522400
9/22/2014,47.299999,47.380001,46.98,47.060001,42.126568,38686100
9/23/2014,46.849998,46.98,46.470001,46.560001,41.678993,33430300
9/24/2014,46.630001,47.110001,46.34,47.080002,42.144482,26582700
9/25/2014,46.880001,47.09,46.029999,46.040001,41.213509,33077400
9/26/2014,45.93,46.619999,45.759998,46.41,41.544716,27078800
9/29/2014,45.98,46.560001,45.759998,46.439999,41.571568,26091000
9/30/2014,46.369999,46.48,46.009998,46.360001,41.499958,33033100
10/1/2014,46.27,46.529999,45.849998,45.900002,41.088188,38088400
10/2/2014,45.830002,46.099998,45.639999,45.759998,40.962856,25119400
10/3/2014,45.98,46.299999,45.610001,46.09,41.258266,32453200
10/6/2014,46.119999,46.299999,45.919998,46.09,41.258266,20604000
10/7/2014,45.860001,45.93,45.419998,45.529999,40.756962,25723700
10/8/2014,45.48,46.889999,45.34,46.779999,41.875931,33031000
10/9/2014,46.5,46.799999,45.740002,45.849998,41.043427,34422800
10/10/2014,45.599998,46.119999,43.950001,44.029999,39.414215,51978100
10/13/2014,43.82,44.560001,43.490002,43.650002,39.074055,37100200
10/14/2014,43.869999,44.380001,43.560001,43.73,39.145676,38115700
10/15/2014,43,43.389999,42.099998,43.220001,38.689137,60218700
10/16/2014,42.529999,43.080002,42.220001,42.740002,38.259464,49040400
10/17/2014,43.200001,43.939999,42.790001,43.630001,39.056164,40683300
10/20/2014,43.060001,44.139999,42.810001,44.080002,39.458977,34527900
10/21/2014,44.360001,44.98,44.189999,44.880001,40.17511,36433800
10/22/2014,45,45.07,44.23,44.380001,39.727531,33570900
10/23/2014,44.619999,45.450001,44.529999,45.02,40.30043,45451900
10/24/2014,46.830002,46.900002,45.18,46.130001,41.294075,61076700
10/27/2014,45.709999,46.099998,45.709999,45.91,41.09713,30371300
10/28/2014,45.860001,46.5,45.77,46.490002,41.616329,29049800
10/29/2014,46.439999,46.700001,46.34,46.619999,41.732697,30276100
10/30/2014,46.32,46.32,45.77,46.049999,41.222458,30073900
10/31/2014,46.939999,46.970001,46.48,46.950001,42.028111,35849700
11/3/2014,46.889999,47.459999,46.73,47.439999,42.466732,23130400
11/4/2014,47.299999,47.73,47.25,47.57,42.583115,21530800
11/5/2014,47.799999,47.900002,47.259998,47.860001,42.842709,22449600
11/6/2014,47.860001,48.860001,47.790001,48.700001,43.594646,33037800
11/7/2014,48.919998,48.919998,48.290001,48.68,43.576752,28000600
11/10/2014,48.650002,49.150002,48.549999,48.889999,43.764729,36370100
11/11/2014,48.849998,48.950001,48.650002,48.869999,43.74683,23445200
11/12/2014,48.560001,48.919998,48.52,48.779999,43.666264,22722100
11/13/2014,48.810001,49.650002,48.709999,49.610001,44.409256,26210400
11/14/2014,49.740002,50.049999,49.389999,49.580002,44.382393,29081700
11/17/2014,49.41,49.709999,49.139999,49.459999,44.274975,30318600
11/18/2014,49.130001,49.330002,48.700001,48.740002,43.905632,23995500
11/19/2014,48.66,48.75,47.93,48.220001,43.437222,26177500
11/20/2014,48,48.700001,47.869999,48.700001,43.869606,21510600
11/21/2014,49.02,49.049999,47.57,47.98,43.221031,42884800
11/24/2014,47.990002,48,47.389999,47.59,42.869705,35434200
11/25/2014,47.66,47.970001,47.450001,47.470001,42.761612,28008000
11/26/2014,47.490002,47.990002,47.279999,47.75,43.01384,27163600
11/28/2014,47.950001,48.200001,47.610001,47.810001,43.06789,21534400
12/1/2014,47.880001,48.779999,47.709999,48.619999,43.797543,31191600
12/2/2014,48.84,49.049999,48.200001,48.459999,43.653416,25773500
12/3/2014,48.439999,48.5,47.810001,48.080002,43.311108,23534800
12/4/2014,48.389999,49.060001,48.200001,48.84,43.99572,30320400
12/5/2014,48.82,48.970001,48.380001,48.419998,43.617382,27313400
12/8/2014,48.259998,48.349998,47.450001,47.700001,42.9688,26663100
12/9/2014,47.110001,47.919998,47.049999,47.59,42.869705,24330500
12/10/2014,47.580002,47.66,46.700001,46.900002,42.248138,30431800
12/11/2014,47.080002,47.740002,46.68,47.169998,42.491364,29060400
12/12/2014,46.779999,47.73,46.669998,46.950001,42.293186,34248400
12/15/2014,47.200001,47.669998,46.549999,46.669998,42.040955,29247800
12/16/2014,45.900002,46.34,45.130001,45.16,40.680733,47801400
12/17/2014,45.049999,45.950001,44.900002,45.740002,41.203209,34970900
12/18/2014,46.580002,47.52,46.34,47.52,42.806644,40105600
12/19/2014,47.630001,48.099998,47.169998,47.66,42.932766,64551200
12/22/2014,47.779999,48.119999,47.709999,47.98,43.221031,26566000
12/23/2014,48.369999,48.799999,48.130001,48.450001,43.644402,23648100
12/24/2014,48.639999,48.639999,48.080002,48.139999,43.365158,11437800
12/26/2014,48.41,48.41,47.82,47.880001,43.130943,13197800
12/29/2014,47.700001,47.779999,47.259998,47.450001,42.743599,14439500
12/30/2014,47.439999,47.619999,46.84,47.02,42.356247,16384700
12/31/2014,46.73,47.439999,46.450001,46.450001,41.842781,21552500
1/2/2015,46.66,47.419998,46.540001,46.759998,42.12204,27913900
1/5/2015,46.369999,46.73,46.25,46.330002,41.73468,39673900
1/6/2015,46.380001,46.75,45.540001,45.650002,41.122128,36447900
1/7/2015,45.98,46.459999,45.490002,46.23,41.644604,29114100
1/8/2015,46.75,47.75,46.720001,47.59,42.869705,29645200
1/9/2015,47.610001,47.82,46.900002,47.189999,42.509384,23944200
1/12/2015,47.419998,47.540001,46.360001,46.599998,41.977894,23651900
1/13/2015,46.970001,47.91,46.060001,46.360001,41.761707,35270600
1/14/2015,45.959999,46.240002,45.619999,45.959999,41.401379,29719600
1/15/2015,46.220001,46.380001,45.41,45.48,40.968994,32750800
1/16/2015,45.310001,46.279999,45.169998,46.240002,41.65361,35695300
1/20/2015,46.299999,46.650002,45.57,46.389999,41.788723,36161900
1/21/2015,45.939999,46.139999,45.48,45.919998,41.365345,39081100
1/22/2015,46.380001,47.139999,46.080002,47.130001,42.45533,35898000
1/23/2015,47.360001,47.389999,46.799999,47.18,42.500378,26211600
1/26/2015,47,47.130001,46.240002,47.009998,42.347233,42525500
1/27/2015,42.950001,43.200001,42.110001,42.66,38.428696,169164000
1/28/2015,42.740002,42.790001,41.16,41.189999,37.1045,84507100
1/29/2015,40.93,42.119999,40.790001,42.009998,37.843174,63585300
1/30/2015,41.549999,41.580002,40.349998,40.400002,36.392864,78004900
2/2/2015,40.59,41.369999,40.23,41.279999,37.185577,50352500
2/3/2015,41.630001,41.93,41.049999,41.599998,37.473843,52082400
2/4/2015,41.939999,42.209999,41.360001,41.84,37.690033,41614800
2/5/2015,42.220001,42.639999,41.860001,42.450001,38.239532,36548200
2/6/2015,42.68,42.790001,42.150002,42.41,38.203495,34616600
2/9/2015,42.240002,42.740002,42.209999,42.360001,38.158447,31381100
2/10/2015,42.740002,42.77,42.18,42.599998,38.374645,29670700
2/11/2015,42.650002,42.650002,42.209999,42.380001,38.176479,38262500
2/12/2015,42.66,43.09,42.509998,43.09,38.81604,33268800
2/13/2015,43.380001,43.869999,43.150002,43.869999,39.518677,40264900
2/17/2015,43.970001,44,43.189999,43.580002,39.536827,33695700
2/18/2015,43.630001,43.700001,43.389999,43.529999,39.491459,27111700
2/19/2015,43.18,43.529999,43.049999,43.5,39.464249,27603400
2/20/2015,43.509998,43.880001,43.290001,43.860001,39.790859,29721100
2/23/2015,43.700001,44.189999,43.650002,44.150002,40.053944,32518800
2/24/2015,44.150002,44.299999,43.919998,44.09,39.999516,25271700
2/25/2015,43.950001,44.09,43.799999,43.990002,39.908787,29759800
2/26/2015,43.990002,44.23,43.889999,44.060001,39.97229,28957300
2/27/2015,44.130001,44.200001,43.66,43.849998,39.781765,33807700
3/2/2015,43.669998,44.189999,43.549999,43.880001,39.808998,31924000
3/3/2015,43.560001,43.830002,43.09,43.279999,39.264656,31748600
3/4/2015,43.009998,43.209999,42.880001,43.060001,39.065071,25748700
3/5/2015,43.07,43.240002,42.82,43.110001,39.110435,23193500
3/6/2015,43,43.110001,42.150002,42.360001,38.430016,36248800
3/9/2015,42.189999,43.130001,42.189999,42.849998,38.874557,32108000
3/10/2015,42.349998,42.709999,42.029999,42.029999,38.13063,39159700
3/11/2015,42.310001,42.369999,41.84,41.98,38.085266,32215300
3/12/2015,41.330002,41.650002,40.860001,41.02,37.21434,59992500
3/13/2015,40.700001,41.470001,40.610001,41.380001,37.540939,58007700
3/16/2015,41.470001,41.639999,41.279999,41.560001,37.704235,35273500
3/17/2015,41.369999,41.830002,41.150002,41.700001,37.831245,31673400
3/18/2015,41.43,42.830002,41.330002,42.5,38.557026,44194800
3/19/2015,42.259998,42.59,42.220001,42.290001,38.366516,33879100
3/20/2015,42.560001,42.98,42.490002,42.880001,38.901772,71904500
3/23/2015,42.880001,43.130001,42.779999,42.860001,38.883629,26246100
3/24/2015,42.779999,43.169998,42.75,42.900002,38.919918,25513300
3/25/2015,42.919998,42.93,41.439999,41.459999,37.613514,43469900
3/26/2015,41.220001,41.610001,40.919998,41.209999,37.386703,37495600
3/27/2015,41.119999,41.43,40.830002,40.970001,37.168976,34401400
3/30/2015,41.099998,41.540001,40.91,40.959999,37.159908,35049700
3/31/2015,40.779999,41.029999,40.540001,40.66,36.887737,34887200
4/1/2015,40.599998,40.759998,40.310001,40.720001,36.942169,36865300
4/2/2015,40.66,40.740002,40.119999,40.290001,36.552055,37487500
4/6/2015,40.34,41.779999,40.18,41.549999,37.69516,39223700
4/7/2015,41.610001,41.91,41.310001,41.529999,37.67701,28809400
4/8/2015,41.459999,41.689999,41.040001,41.419998,37.577217,24753400
4/9/2015,41.25,41.619999,41.25,41.48,37.63166,25723900
4/10/2015,41.630001,41.950001,41.41,41.720001,37.849388,28022000
4/13/2015,41.400002,42.060001,41.389999,41.759998,37.885674,30276700
4/14/2015,41.799999,42.029999,41.389999,41.650002,37.785885,24244400
4/15/2015,41.759998,42.459999,41.68,42.259998,38.339291,27343600
4/16/2015,41.950001,42.34,41.82,42.16,38.248569,22509700
4/17/2015,41.669998,41.740002,41.16,41.619999,37.758667,42387600
4/20/2015,41.73,43.169998,41.68,42.91,38.928989,46057700
4/21/2015,43,43.150002,42.529999,42.639999,38.684036,26013800
4/22/2015,42.669998,43.130001,42.549999,42.990002,39.00156,25064300
4/23/2015,42.889999,43.610001,42.799999,43.34,39.319099,46309500
4/24/2015,45.66,48.139999,45.650002,47.869999,43.428814,130933700
4/27/2015,47.23,48.130001,47.220001,48.029999,43.573978,59248200
4/28/2015,47.779999,49.209999,47.700001,49.16,44.599136,60730800
4/29/2015,48.720001,49.310001,48.5,49.060001,44.508415,47804600
4/30/2015,48.700001,49.540001,48.599998,48.639999,44.127377,64725500
5/1/2015,48.580002,48.880001,48.400002,48.66,44.145527,38937300
5/4/2015,48.369999,48.869999,48.18,48.240002,43.764496,34039500
5/5/2015,47.82,48.16,47.310001,47.599998,43.183861,50369200
5/6/2015,47.57,47.77,46.02,46.279999,41.986328,52433000
5/7/2015,46.27,47.09,46.16,46.700001,42.367367,32971700
5/8/2015,47.549999,47.98,47.52,47.75,43.319954,35364900
5/11/2015,47.549999,47.91,47.369999,47.369999,42.975212,24609400
5/12/2015,46.849998,47.68,46.419998,47.349998,42.957066,29928300
5/13/2015,48.189999,48.32,47.57,47.630001,43.21109,34184600
5/14/2015,48.029999,48.82,48.029999,48.720001,44.199951,32980900
5/15/2015,48.869999,48.91,48.049999,48.299999,43.81892,28642700
5/18/2015,47.98,48.220001,47.610001,48.009998,43.555828,24136500
5/19/2015,47.560001,47.810001,47.18,47.580002,43.446251,28574800
5/20/2015,47.389999,47.93,47.27,47.580002,43.446251,25047900
5/21/2015,47.279999,47.599998,47.009998,47.419998,43.300148,22410700
5/22/2015,47.299999,47.349998,46.82,46.900002,42.825329,25720600
5/26/2015,46.830002,46.880001,46.189999,46.59,42.542263,29581900
5/27/2015,46.82,47.77,46.619999,47.610001,43.473648,27335600
5/28/2015,47.5,48.02,47.389999,47.450001,43.327549,19283700
5/29/2015,47.43,47.57,46.59,46.860001,42.788803,36519600
6/1/2015,47.060001,47.77,46.619999,47.23,43.126656,28837300
6/2/2015,46.93,47.349998,46.619999,46.919998,42.843594,21498300
6/3/2015,47.369999,47.740002,46.82,46.849998,42.779675,28002200
6/4/2015,46.790001,47.16,46.200001,46.360001,42.332241,27745500
6/5/2015,46.310001,46.52,45.84,46.139999,42.131355,25438100
6/8/2015,46.299999,46.43,45.669998,45.73,41.756981,22121600
6/9/2015,45.759998,45.939999,45.459999,45.650002,41.683933,24406100
6/10/2015,45.790001,46.830002,45.689999,46.610001,42.560532,28417400
6/11/2015,46.66,46.919998,46.130001,46.439999,42.405289,27347800
6/12/2015,46.220001,46.470001,45.900002,45.970001,41.976128,23931000
6/15/2015,45.450001,45.650002,45.02,45.48,41.528698,33254500
6/16/2015,45.349998,46.240002,45.299999,45.830002,41.848297,27070300
6/17/2015,45.73,46.07,45.360001,45.970001,41.976128,28704100
6/18/2015,46.220001,46.799999,46.169998,46.720001,42.660973,32658300
6/19/2015,46.790001,46.830002,45.990002,46.099998,42.094841,63837000
6/22/2015,46.330002,46.720001,46.16,46.23,42.213547,20318100
6/23/2015,46.130001,46.279999,45.619999,45.91,41.921341,25896500
6/24/2015,45.669998,46.25,45.549999,45.639999,41.674797,34890900
6/25/2015,46.029999,46.060001,45.5,45.650002,41.683933,20616000
6/26/2015,45.650002,46.279999,45.029999,45.259998,41.327812,49835300
6/29/2015,45.040001,45.23,44.360001,44.369999,40.515144,34081700
6/30/2015,44.709999,44.720001,43.939999,44.150002,40.314255,35945400
7/1/2015,44.459999,45.23,44.099998,44.450001,40.588188,28343900
7/2/2015,44.48,44.75,44.060001,44.400002,40.54253,21752000
7/6/2015,43.959999,44.48,43.950001,44.389999,40.533401,23034000
7/7/2015,44.34,44.490002,43.32,44.299999,40.451221,36435800
7/8/2015,44.439999,44.900002,44.029999,44.240002,40.396439,39785900
7/9/2015,44.75,45.220001,44.5,44.52,40.652107,32424700
7/10/2015,45.009998,45.139999,44.57,44.610001,40.734291,25465800
7/13/2015,44.98,45.619999,44.950001,45.540001,41.583492,28178300
7/14/2015,45.450001,45.959999,45.310001,45.619999,41.656532,22880300
7/15/2015,45.68,45.889999,45.43,45.759998,41.784374,26629600
7/16/2015,46.009998,46.689999,45.970001,46.66,42.606182,26271700
7/17/2015,46.549999,46.779999,46.259998,46.619999,42.569649,29467100
7/20/2015,46.650002,47.130001,46.439999,46.919998,42.843594,30631900
7/21/2015,46.779999,47.330002,46.48,47.279999,43.172314,42781900
7/22/2015,45.439999,46.93,45.200001,45.540001,41.583492,59152400
7/23/2015,45.27,46.23,45.099998,46.110001,42.103966,33934000
7/24/2015,45.91,46.32,45.799999,45.939999,41.94873,32333200
7/27/2015,45.939999,46.009998,45.25,45.349998,41.409992,39701400
7/28/2015,45.580002,45.639999,44.790001,45.34,41.400871,34328900
7/29/2015,45.400002,46.779999,45.259998,46.290001,42.268326,40945900
7/30/2015,46.259998,47.400002,45.93,46.880001,42.807076,39777900
7/31/2015,47.290001,47.369999,46.5,46.700001,42.642704,31201500
8/3/2015,46.98,47,46.450001,46.810001,42.743153,24125900
8/4/2015,46.75,47.709999,46.68,47.540001,43.409725,33403900
8/5/2015,47.98,48.41,47.540001,47.580002,43.446251,26959700
8/6/2015,47.709999,47.77,46.330002,46.619999,42.569649,27368000
8/7/2015,46.389999,46.779999,46.259998,46.740002,42.679237,19163000
8/10/2015,46.950001,47.490002,46.84,47.330002,43.217979,23079900
8/11/2015,46.82,46.939999,45.900002,46.41,42.377899,29237400
8/12/2015,46.189999,46.900002,45.709999,46.740002,42.679237,30181400
8/13/2015,47.060001,47.099998,46.490002,46.73,42.670109,22627200
8/14/2015,46.529999,47.099998,46.52,47,42.916637,21473400
8/17/2015,46.810001,47.450001,46.57,47.32,43.208843,21099700
8/18/2015,46.84,47.43,46.700001,47.27,43.447815,23574100
8/19/2015,46.779999,47.080002,46.299999,46.610001,42.841194,31485500
8/20/2015,46.07,46.470001,45.66,45.66,41.967999,36238200
8/21/2015,45.299999,45.48,43.07,43.07,39.587425,70053100
8/24/2015,40.450001,42.689999,39.720001,41.68,38.309822,88753700
8/25/2015,42.57,43.240002,40.389999,40.470001,37.197659,70616600
8/26/2015,42.009998,42.84,41.060001,42.709999,39.256535,63408000
8/27/2015,43.23,43.950001,42.93,43.900002,40.350307,50943200
8/28/2015,43.400002,44.150002,43.389999,43.93,40.377884,28246700
8/31/2015,43.560001,43.93,43.099998,43.52,40.001041,34441700
9/1/2015,42.169998,42.59,41.66,41.82,38.438499,49688900
9/2/2015,42.360001,43.380001,41.880001,43.360001,39.85397,37671500
9/3/2015,43.41,43.98,43.279999,43.5,39.982655,28285200
9/4/2015,42.810001,43.040001,42.200001,42.610001,39.164623,37138800
9/8/2015,43.299999,44,43.200001,43.889999,40.341122,32469800
9/9/2015,44.209999,44.400002,42.91,43.07,39.587425,33469500
9/10/2015,43.119999,43.790001,42.75,43.290001,39.789639,31366600
9/11/2015,43.139999,43.59,42.939999,43.48,39.964264,27132500
9/14/2015,43.43,43.439999,42.860001,43.040001,39.559856,23656000
9/15/2015,43.189999,44.290001,43.080002,43.98,40.42384,28882200
9/16/2015,43.970001,44.380001,43.84,44.299999,40.717972,23372200
9/17/2015,44.290001,45,44.080002,44.25,40.672009,32768200
9/18/2015,43.5,43.990002,43.330002,43.48,39.964264,63143700
9/21/2015,43.619999,44.470001,43.599998,44.110001,40.543335,26177200
9/22/2015,43.380001,44.049999,43.310001,43.900002,40.350307,28085900
9/23/2015,43.93,44.169998,43.509998,43.869999,40.322735,17145200
9/24/2015,43.450001,44.130001,43.27,43.91,40.359509,27905600
9/25/2015,44.48,44.73,43.759998,43.939999,40.387074,29384600
9/28/2015,43.830002,44.09,43.209999,43.290001,39.789639,27613800
9/29/2015,43.369999,43.57,43.049999,43.439999,39.927505,32763600
9/30/2015,43.880001,44.299999,43.66,44.259998,40.681206,34958900
10/1/2015,44.75,44.75,43.75,44.610001,41.002899,28657900
10/2/2015,44.27,45.57,43.919998,45.57,41.885273,41839000
10/5/2015,45.75,46.889999,45.700001,46.630001,42.859566,34369300
10/6/2015,46.330002,47.18,46.220001,46.75,42.969864,27017200
10/7/2015,47.099998,47.349998,45.950001,46.799999,43.01582,27711500
10/8/2015,46.560001,47.52,46.5,47.450001,43.613262,33772700
10/9/2015,47.450001,47.540001,46.919998,47.110001,43.300755,28600600
10/12/2015,46.98,47.07,46.5,47,43.19965,19769100
10/13/2015,46.560001,47.130001,46.560001,46.889999,43.098553,19987800
10/14/2015,46.650002,47.099998,46.529999,46.68,42.905529,24697800
10/15/2015,47.009998,47.029999,46.529999,47.009998,43.208843,27189400
10/16/2015,47.02,47.540001,46.900002,47.509998,43.668411,26450300
10/19/2015,47.419998,47.880001,47.02,47.619999,43.76952,29387600
10/20/2015,47.439999,47.810001,47.02,47.77,43.907383,30802200
10/21/2015,47.919998,47.990002,47.110001,47.200001,43.383476,25144300
10/22/2015,47.529999,48.950001,47.09,48.029999,44.14637,56637100
10/23/2015,52.299999,54.07,52.25,52.869999,48.595009,135227100
10/26/2015,52.529999,54.32,52.5,54.25,49.863422,64633300
10/27/2015,53.990002,54.369999,53.580002,53.689999,49.348709,50999900
10/28/2015,53.540001,53.98,52.860001,53.98,49.61525,47000800
10/29/2015,53.540001,53.830002,53.220001,53.360001,49.045387,30202100
10/30/2015,53.32,53.990002,52.619999,52.639999,48.383606,46619800
11/2/2015,52.849998,53.360001,52.619999,53.240002,48.935093,30285000
11/3/2015,52.93,54.389999,52.900002,54.150002,49.771523,36596900
11/4/2015,54.18,54.880001,54.060001,54.400002,50.001301,37087800
11/5/2015,54.490002,54.700001,54,54.380001,49.982918,31468500
11/6/2015,54.09,54.98,53.959999,54.919998,50.479248,32851200
11/9/2015,54.549999,54.869999,53.560001,54.16,49.780704,32513100
11/10/2015,54.07,54.130001,53.27,53.509998,49.183262,55283700
11/11/2015,53.700001,54.200001,53.459999,53.650002,49.311943,36516300
11/12/2015,53.48,53.98,53.189999,53.32,49.008629,35361100
11/13/2015,53.07,53.290001,52.529999,52.84,48.56744,36848200
11/16/2015,53.080002,53.889999,52.849998,53.77,49.422237,32165200
11/17/2015,53.169998,53.529999,52.849998,52.970001,49.015099,31551300
11/18/2015,53,53.98,52.98,53.849998,49.829388,29710000
11/19/2015,53.990002,54.66,53.779999,53.939999,49.912678,28149200
11/20/2015,54.25,54.299999,53.27,54.189999,50.144005,37147600
11/23/2015,54.25,54.459999,53.75,54.189999,50.144005,28235900
11/24/2015,53.919998,54.439999,53.580002,54.25,50.19952,24600000
11/25/2015,54.09,54.23,53.689999,53.689999,49.681332,21005100
11/27/2015,53.799999,54.080002,53.790001,53.93,49.903416,9009100
11/30/2015,54.540001,54.959999,54,54.349998,50.292049,56241400
12/1/2015,54.41,55.23,54.299999,55.220001,51.097107,39952800
12/2/2015,55.32,55.959999,55.060001,55.209999,51.087849,47274900
12/3/2015,55.490002,55.77,53.93,54.200001,50.153259,38627800
12/4/2015,54.119999,56.23,54.099998,55.91,51.73558,43963700
12/7/2015,55.790001,55.970001,55.290001,55.810001,51.643044,30709800
12/8/2015,55.470001,56.099998,54.990002,55.790001,51.624538,32878000
12/9/2015,55.369999,55.869999,54.509998,54.98,50.875023,36373200
12/10/2015,55.389999,55.66,55.009998,55.27,51.143368,31775800
12/11/2015,54.709999,55.099998,54.009998,54.060001,50.023716,39549500
12/14/2015,54.330002,55.209999,53.68,55.139999,51.023075,46768900
12/15/2015,55.66,55.900002,55.09,55.200001,51.078594,39843000
12/16/2015,55.540001,56.25,54.759998,56.130001,51.939148,37503300
12/17/2015,56.360001,56.790001,55.529999,55.700001,51.54126,41280900
12/18/2015,55.77,56,54.029999,54.130001,50.088486,84684200
12/21/2015,54.880001,55.349998,54.23,54.830002,50.736225,37246300
12/22/2015,54.990002,55.48,54.5,55.349998,51.217388,28322200
12/23/2015,55.700001,55.880001,55.439999,55.82,51.652302,27279800
12/24/2015,55.860001,55.959999,55.43,55.669998,51.513504,9558500
12/28/2015,55.349998,55.950001,54.98,55.950001,51.772598,22458300
12/29/2015,56.290001,56.849998,56.060001,56.549999,52.327797,27731400
12/30/2015,56.470001,56.779999,56.290001,56.310001,52.105721,21704500
12/31/2015,56.040001,56.189999,55.419998,55.48,51.337688,27334100
1/4/2016,54.32,54.799999,53.389999,54.799999,50.708462,53778000
1/5/2016,54.93,55.389999,54.540001,55.049999,50.939793,34079700
1/6/2016,54.32,54.400002,53.639999,54.049999,50.014458,39518900
1/7/2016,52.700001,53.490002,52.07,52.169998,48.274826,56564900
1/8/2016,52.369999,53.279999,52.150002,52.330002,48.422878,48754000
1/11/2016,52.509998,52.849998,51.459999,52.299999,48.395107,36943800
1/12/2016,52.759998,53.099998,52.060001,52.779999,48.839272,36095500
1/13/2016,53.799999,54.07,51.299999,51.639999,47.784397,66883600
1/14/2016,52,53.419998,51.57,53.110001,49.144646,52381900
1/15/2016,51.310001,51.970001,50.34,50.990002,47.182934,71820700
1/19/2016,51.48,51.68,50.060001,50.560001,46.785038,43564500
1/20/2016,49.98,51.380001,49.099998,50.790001,46.997856,63273000
1/21/2016,51,51.580002,50.299999,50.48,46.710999,40191200
1/22/2016,51.41,52.330002,51.259998,52.290001,48.385864,37555800
1/25/2016,51.939999,52.650002,51.650002,51.790001,47.923195,34707700
1/26/2016,51.790001,52.439999,51.549999,52.169998,48.274826,28900800
1/27/2016,52.009998,52.200001,51.02,51.220001,47.39576,36775200
1/28/2016,51.860001,52.209999,51.25,52.060001,48.173035,62513800
1/29/2016,54.73,55.09,54,55.09,50.97681,83611700
2/1/2016,54.880001,55.09,54.5,54.709999,50.625172,44208500
2/2/2016,54.169998,54.259998,52.650002,53,49.042854,56313800
2/3/2016,53.25,53.389999,51.259998,52.16,48.265564,57559800
2/4/2016,52.099998,52.810001,51.369999,52,48.117519,46987100
2/5/2016,51.939999,52,49.560001,50.16,46.414902,62009000
2/8/2016,49.549999,49.57,48.189999,49.41,45.720894,59290500
2/9/2016,49.02,50.240002,48.669998,49.279999,45.600597,46740500
2/10/2016,49.889999,50.389999,49.52,49.709999,45.998493,38237000
2/11/2016,48.68,50.110001,48.509998,49.689999,45.97998,48878600
2/12/2016,50.25,50.68,49.75,50.5,46.729507,34243300
2/16/2016,50.900002,51.09,50.130001,51.09,47.614883,37291200
2/17/2016,51.490002,52.77,51.450001,52.419998,48.854431,40789000
2/18/2016,52.330002,52.950001,52.099998,52.189999,48.640072,27176000
2/19/2016,51.970001,52.279999,51.529999,51.82,48.295238,33559100
2/22/2016,52.279999,53,52.279999,52.650002,49.068783,25008300
2/23/2016,52.34,52.369999,50.98,51.18,47.698772,28895300
2/24/2016,50.689999,51.5,50.200001,51.360001,47.866531,33014500
2/25/2016,51.73,52.099998,50.610001,52.099998,48.556187,26939500
2/26/2016,52.599998,52.68,51.099998,51.299999,47.810608,35975900
2/29/2016,51.349998,51.650002,50.66,50.880001,47.419174,31654000
3/1/2016,50.970001,52.59,50.919998,52.580002,49.003548,33024500
3/2/2016,52.41,52.959999,52.16,52.950001,49.348366,29289900
3/3/2016,52.970001,52.970001,51.779999,52.349998,48.789185,24427800
3/4/2016,52.400002,52.450001,51.709999,52.029999,48.490952,33034200
3/7/2016,51.560001,51.799999,50.580002,51.029999,47.558968,38407800
3/8/2016,50.799999,52.130001,50.599998,51.650002,48.136799,33835100
3/9/2016,51.889999,52.849998,51.860001,52.84,49.245861,28251600
3/10/2016,52.93,52.939999,51.16,52.049999,48.50959,38387800
3/11/2016,53,53.07,52.380001,53.07,49.460213,32275700
3/14/2016,52.709999,53.59,52.630001,53.169998,49.553413,24083600
3/15/2016,52.75,53.59,52.740002,53.59,49.944839,21104800
3/16/2016,53.450001,54.599998,53.400002,54.349998,50.653141,31691700
3/17/2016,54.209999,55,54,54.66,50.942055,28223900
3/18/2016,54.919998,54.970001,53.450001,53.490002,49.851643,67625500
3/21/2016,53.25,53.93,52.93,53.860001,50.196476,23925700
3/22/2016,53.610001,54.25,53.459999,54.07,50.392189,23124100
3/23/2016,54.110001,54.240002,53.740002,53.970001,50.299,20129000
3/24/2016,53.84,54.330002,53.73,54.209999,50.522675,19950000
3/28/2016,54.209999,54.290001,53.330002,53.540001,49.898251,17025100
3/29/2016,53.66,54.860001,53.450001,54.709999,50.988659,23924300
3/30/2016,54.93,55.639999,54.900002,55.049999,51.305534,23008300
3/31/2016,54.950001,55.59,54.860001,55.23,51.473286,26360500
4/1/2016,55.049999,55.610001,54.57,55.57,51.790169,24399200
4/4/2016,55.43,55.66,55,55.43,51.659695,18928800
4/5/2016,55.189999,55.299999,54.459999,54.560001,50.848866,19272300
4/6/2016,54.360001,55.200001,54.209999,55.119999,51.370766,21188700
4/7/2016,54.869999,54.91,54.23,54.459999,50.755665,19225100
4/8/2016,54.669998,55.279999,54.32,54.419998,50.718388,22167200
4/11/2016,54.490002,55.150002,54.299999,54.310001,50.615868,21414200
4/12/2016,54.369999,54.779999,53.759998,54.650002,50.932743,24944300
4/13/2016,55.119999,55.439999,54.889999,55.349998,51.585125,20818000
4/14/2016,55.220001,55.580002,55.07,55.360001,51.594448,20877100
4/15/2016,55.299999,55.919998,55.110001,55.650002,51.864723,28793800
4/18/2016,55.490002,56.59,55.209999,56.459999,52.619625,23786000
4/19/2016,56.630001,56.77,55.68,56.389999,52.554382,29596800
4/20/2016,56.290001,56.5,55.490002,55.59,51.808811,36195700
4/21/2016,55.799999,56.23,55.419998,55.779999,51.985878,38909100
4/22/2016,51.91,52.43,50.77,51.779999,48.257954,126834100
4/25/2016,51.779999,52.130001,51.630001,52.110001,48.56551,33226900
4/26/2016,52.259998,52.349998,51.09,51.439999,47.941086,33532600
4/27/2016,51.48,51.5,50.549999,50.939999,47.475086,43369300
4/28/2016,50.619999,50.77,49.560001,49.900002,46.50584,43134800
4/29/2016,49.349998,50.25,49.349998,49.869999,46.477879,48411700
5/2/2016,50,50.75,49.779999,50.610001,47.167538,33114500
5/3/2016,50.34,50.41,49.599998,49.779999,46.393993,26460200
5/4/2016,49.84,50.060001,49.459999,49.869999,46.477879,24257600
5/5/2016,49.869999,50.299999,49.73,49.939999,46.54311,25390700
5/6/2016,49.919998,50.389999,49.66,50.389999,46.962502,24787300
5/9/2016,50.490002,50.59,50,50.07,46.664272,17951600
5/10/2016,50.330002,51.099998,50.189999,51.02,47.549652,22891000
5/11/2016,51.130001,51.779999,51,51.049999,47.57761,24039100
5/12/2016,51.200001,51.810001,50.919998,51.509998,48.006317,24102800
5/13/2016,51.439999,51.900002,51.040001,51.080002,47.605572,22592300
5/16/2016,50.799999,51.959999,50.75,51.830002,48.304558,20032000
5/17/2016,51.720001,51.73,50.360001,50.509998,47.403595,27803500
5/18/2016,50.48,51.139999,50.299999,50.810001,47.685154,24907500
5/19/2016,50.470001,50.619999,49.82,50.32,47.225281,23842400
5/20/2016,50.48,51.220001,50.400002,50.619999,47.506836,23905800
5/23/2016,50.599998,50.68,49.98,50.029999,46.953121,26118700
5/24/2016,50.700001,51.709999,50.400002,51.59,48.417183,34757900
5/25/2016,51.919998,52.490002,51.790001,52.119999,48.914581,24040200
5/26/2016,51.93,51.98,51.360001,51.889999,48.698727,24335200
5/27/2016,51.919998,52.32,51.77,52.32,49.102283,17721400
5/31/2016,52.259998,53,52.080002,53,49.740459,37653100
6/1/2016,52.439999,52.950001,52.439999,52.849998,49.599678,25324800
6/2/2016,52.639999,52.740002,51.84,52.48,49.252441,22840800
6/3/2016,52.380001,52.419998,51.599998,51.790001,48.604881,23368300
6/6/2016,51.990002,52.349998,51.889999,52.130001,48.923962,18243300
6/7/2016,52.240002,52.73,52.099998,52.099998,48.895805,20866800
6/8/2016,52.02,52.439999,51.869999,52.040001,48.839504,21149400
6/9/2016,52,52,51.490002,51.619999,48.445332,20305700
6/10/2016,51.049999,52.049999,51.040001,51.48,48.313942,25833200
6/13/2016,49.580002,50.720001,49.060001,50.139999,47.056355,83217800
6/14/2016,49.900002,50.099998,49.57,49.830002,46.765427,42577100
6/15/2016,49.779999,50.119999,49.689999,49.689999,46.634026,33757600
6/16/2016,49.52,50.470001,49.509998,50.389999,47.290977,31188600
6/17/2016,50.41,50.43,49.82,50.130001,47.04697,45710500
6/20/2016,50.639999,50.830002,50.029999,50.07,46.990658,35607900
6/21/2016,50.200001,51.43,50.16,51.189999,48.041779,34097800
6/22/2016,51.080002,51.459999,50.950001,50.990002,47.85408,28816800
6/23/2016,51.279999,52.060001,51.150002,51.91,48.717491,29028800
6/24/2016,49.810001,50.939999,49.52,49.830002,46.765427,133503000
6/27/2016,49.099998,49.150002,48.040001,48.43,45.451515,50216300
6/28/2016,48.919998,49.470001,48.669998,49.439999,46.399406,38140700
6/29/2016,49.91,50.720001,49.799999,50.540001,47.431755,31304000
6/30/2016,50.720001,51.299999,50.5,51.169998,48.023003,28527800
7/1/2016,51.130001,51.720001,51.07,51.16,48.013626,21400400
7/5/2016,50.830002,51.279999,50.740002,51.169998,48.023003,24806400
7/6/2016,50.779999,51.540001,50.389999,51.380001,48.220093,28167500
7/7/2016,51.419998,51.610001,51.07,51.380001,48.220093,19585200
7/8/2016,51.73,52.360001,51.549999,52.299999,49.083504,28391000
7/11/2016,52.5,52.830002,52.470001,52.59,49.355675,22269200
7/12/2016,52.939999,53.400002,52.790001,53.209999,49.93755,27317600
7/13/2016,53.560001,53.860001,53.18,53.509998,50.219097,25356800
7/14/2016,53.84,53.990002,53.580002,53.740002,50.434948,24545500
7/15/2016,53.950001,54,53.209999,53.700001,50.397408,32024400
7/18/2016,53.700001,54.34,53.549999,53.959999,50.641422,31433900
7/19/2016,53.709999,53.900002,52.93,53.09,49.824932,53336500
7/20/2016,56.150002,56.84,55.529999,55.91,52.471493,89893300
7/21/2016,55.98,56.23,55.759998,55.799999,52.368259,32776700
7/22/2016,56.080002,56.630001,55.779999,56.57,53.090908,32157200
7/25/2016,56.470001,56.740002,56.259998,56.73,53.241066,25610600
7/26/2016,56.52,57.290001,56.509998,56.759998,53.269218,28079000
7/27/2016,56.610001,56.799999,56.110001,56.189999,52.734268,32327500
7/28/2016,56,56.369999,55.720001,56.209999,52.753044,37550400
7/29/2016,56.259998,56.759998,56.049999,56.68,53.194141,30558700
8/1/2016,56.599998,56.75,56.139999,56.580002,53.100292,26003400
8/2/2016,56.849998,56.900002,56.310001,56.580002,53.100292,35122000
8/3/2016,56.68,57.110001,56.490002,56.970001,53.466301,22075600
8/4/2016,56.799999,57.52,56.669998,57.389999,53.860477,26587700
8/5/2016,57.650002,58.209999,57.450001,57.959999,54.395412,29335200
8/8/2016,58.060001,58.09,57.779999,58.060001,54.489265,19473500
8/9/2016,58.169998,58.5,58.02,58.200001,54.620659,16920700
8/10/2016,58.16,58.32,57.82,58.02,54.451729,15756900
8/11/2016,58.029999,58.450001,58.029999,58.299999,54.714508,18162300
8/12/2016,58.029999,58.189999,57.619999,57.939999,54.376652,21655200
8/15/2016,58.009998,58.5,57.959999,58.119999,54.545574,19283900
8/16/2016,57.610001,57.619999,57.27,57.439999,54.243374,20523500
8/17/2016,57.540001,57.68,57.23,57.560001,54.356709,18856400
8/18/2016,57.419998,57.700001,57.27,57.599998,54.394482,14214300
8/19/2016,57.43,57.73,57.200001,57.619999,54.413361,17271000
8/22/2016,57.599998,57.75,57.259998,57.669998,54.460579,15221900
8/23/2016,57.900002,58.18,57.849998,57.889999,54.668339,18732400
8/24/2016,57.799999,58.040001,57.720001,57.950001,54.724998,18151500
8/25/2016,57.880001,58.290001,57.779999,58.169998,54.932751,18552600
8/26/2016,58.279999,58.700001,57.689999,58.029999,54.800556,20971200
8/29/2016,58.18,58.599998,58.099998,58.099998,54.866653,16417200
8/30/2016,57.98,58.189999,57.610001,57.889999,54.668339,16930200
8/31/2016,57.650002,57.799999,57.299999,57.459999,54.262272,20860300
9/1/2016,57.009998,57.82,57.009998,57.59,54.385036,26075400
9/2/2016,57.669998,58.189999,57.419998,57.669998,54.460579,18900500
9/6/2016,57.779999,57.799999,57.209999,57.610001,54.403927,16278400
9/7/2016,57.470001,57.84,57.41,57.66,54.451145,17493400
9/8/2016,57.630001,57.790001,57.18,57.43,54.23394,20146100
9/9/2016,56.790001,57.52,56.209999,56.209999,53.081837,35113900
9/12/2016,56,57.209999,55.610001,57.049999,53.875092,29303000
9/13/2016,56.5,56.650002,56.049999,56.529999,53.384026,30130200
9/14/2016,56.389999,56.630001,56.029999,56.259998,53.129059,24062500
9/15/2016,56.150002,57.349998,55.98,57.189999,54.007294,26847000
9/16/2016,57.630001,57.630001,56.75,57.25,54.063961,44607000
9/19/2016,57.27,57.75,56.849998,56.93,53.761768,20937100
9/20/2016,57.349998,57.349998,56.75,56.810001,53.648449,17384000
9/21/2016,57.509998,57.849998,57.080002,57.759998,54.545574,33707300
9/22/2016,57.919998,58,57.630001,57.82,54.602234,19822200
9/23/2016,57.869999,57.91,57.380001,57.43,54.23394,19955300
9/26/2016,57.080002,57.139999,56.830002,56.900002,53.73344,21688700
9/27/2016,56.93,58.060001,56.68,57.950001,54.724998,28065100
9/28/2016,57.880001,58.060001,57.669998,58.029999,54.800556,20536400
9/29/2016,57.810001,58.169998,57.209999,57.400002,54.205612,25463500
9/30/2016,57.57,57.77,57.34,57.599998,54.394482,29910800
10/3/2016,57.41,57.549999,57.060001,57.419998,54.224495,19189500
10/4/2016,57.27,57.599998,56.970001,57.240002,54.05452,20085900
10/5/2016,57.290001,57.959999,57.259998,57.639999,54.432255,16726400
10/6/2016,57.740002,57.860001,57.279999,57.740002,54.526691,16212600
10/7/2016,57.849998,57.98,57.419998,57.799999,54.583347,20089000
10/10/2016,57.91,58.389999,57.869999,58.040001,54.809998,18196500
10/11/2016,57.889999,58.02,56.889999,57.189999,54.007294,26497400
10/12/2016,57.110001,57.27,56.400002,57.110001,53.931747,22177500
10/13/2016,56.700001,57.299999,56.32,56.919998,53.752323,25313700
10/14/2016,57.119999,57.740002,57.119999,57.419998,54.224495,27402500
10/17/2016,57.360001,57.459999,56.869999,57.220001,54.035629,23830000
10/18/2016,57.529999,57.950001,57.41,57.66,54.451145,19149500
10/19/2016,57.470001,57.84,57.400002,57.529999,54.328369,22878400
10/20/2016,57.5,57.52,56.66,57.25,54.063961,49455600
10/21/2016,60.279999,60.450001,59.490002,59.66,56.339844,80032200
10/24/2016,59.939999,61,59.93,61,57.605263,54067000
10/25/2016,60.849998,61.369999,60.799999,60.990002,57.595825,35137200
10/26/2016,60.810001,61.200001,60.470001,60.630001,57.255852,29911600
10/27/2016,60.610001,60.830002,60.09,60.099998,56.755356,28479900
10/28/2016,60.009998,60.52,59.580002,59.869999,56.538151,33574700
10/31/2016,60.16,60.419998,59.919998,59.919998,56.585373,26434700
11/1/2016,59.970001,60.02,59.25,59.799999,56.472046,24533000
11/2/2016,59.82,59.93,59.299999,59.43,56.122639,22147000
11/3/2016,59.529999,59.639999,59.110001,59.209999,55.914879,21600400
11/4/2016,58.650002,59.279999,58.52,58.709999,55.442707,28697000
11/7/2016,59.779999,60.52,59.779999,60.419998,57.057541,31664800
11/8/2016,60.549999,60.779999,60.150002,60.470001,57.104767,22935400
11/9/2016,60,60.59,59.200001,60.169998,56.821453,49632500
11/10/2016,60.48,60.490002,57.630001,58.700001,55.43327,57822400
11/11/2016,58.23,59.119999,58.009998,59.02,55.735462,38767800
11/14/2016,59.02,59.080002,57.279999,58.119999,54.885536,41328400
11/15/2016,58.330002,59.490002,58.32,58.869999,55.969379,35904100
11/16/2016,58.939999,59.66,58.810001,59.650002,56.710949,27332500
11/17/2016,60.41,60.950001,59.970001,60.639999,57.652164,32132700
11/18/2016,60.779999,61.139999,60.299999,60.349998,57.376446,27686300
11/21/2016,60.5,60.970001,60.419998,60.860001,57.861324,19652600
11/22/2016,60.98,61.259998,60.810001,61.119999,58.108501,23206700
11/23/2016,61.009998,61.099998,60.25,60.400002,57.423992,21848900
11/25/2016,60.299999,60.529999,60.130001,60.529999,57.547577,8409600
11/28/2016,60.34,61.02,60.209999,60.610001,57.623638,20732600
11/29/2016,60.650002,61.41,60.52,61.09,58.07999,22366700
11/30/2016,60.860001,61.18,60.220001,60.259998,57.290874,34655400
12/1/2016,60.110001,60.150002,58.939999,59.200001,56.283112,34542100
12/2/2016,59.080002,59.470001,58.799999,59.25,56.330643,25515700
12/5/2016,59.700001,60.59,59.560001,60.220001,57.252861,23552700
12/6/2016,60.43,60.459999,59.799999,59.950001,56.996159,19907000
12/7/2016,60.009998,61.380001,59.799999,61.369999,58.346195,30809000
12/8/2016,61.299999,61.580002,60.84,61.009998,58.003925,21220800
12/9/2016,61.18,61.990002,61.130001,61.970001,58.916634,27349400
12/12/2016,61.82,62.299999,61.720001,62.169998,59.106773,20198100
12/13/2016,62.5,63.419998,62.240002,62.98,59.876858,35718900
12/14/2016,63,63.450001,62.529999,62.68,59.591648,30352700
12/15/2016,62.700001,63.150002,62.299999,62.580002,59.496574,27669900
12/16/2016,62.950001,62.950001,62.119999,62.299999,59.230362,42453100
12/19/2016,62.560001,63.77,62.419998,63.619999,60.485325,34338200
12/20/2016,63.689999,63.799999,63.029999,63.540001,60.409275,26028400
12/21/2016,63.43,63.700001,63.119999,63.540001,60.409275,17096300
12/22/2016,63.84,64.099998,63.41,63.549999,60.418777,22176600
12/23/2016,63.450001,63.540001,62.799999,63.240002,60.124058,12403800
12/27/2016,63.209999,64.07,63.209999,63.279999,60.162071,11763200
12/28/2016,63.400002,63.400002,62.830002,62.990002,59.886375,14653300
12/29/2016,62.860001,63.200001,62.73,62.900002,59.800812,10250600
12/30/2016,62.959999,62.990002,62.029999,62.139999,59.078251,25579900
1/3/2017,62.790001,62.84,62.130001,62.580002,59.496574,20694100
1/4/2017,62.48,62.75,62.119999,62.299999,59.230362,21340000
1/5/2017,62.189999,62.66,62.029999,62.299999,59.230362,24876000
1/6/2017,62.299999,63.150002,62.040001,62.84,59.743763,19922900
1/9/2017,62.759998,63.080002,62.540001,62.639999,59.553616,20382700
1/10/2017,62.73,63.07,62.279999,62.619999,59.534603,18593000
1/11/2017,62.610001,63.23,62.43,63.189999,60.076519,21517300
1/12/2017,63.060001,63.400002,61.950001,62.610001,59.525097,20968200
1/13/2017,62.619999,62.869999,62.349998,62.700001,59.610664,19422300
1/17/2017,62.68,62.700001,62.029999,62.529999,59.449032,20664000
1/18/2017,62.669998,62.700001,62.119999,62.5,59.420517,19670100
1/19/2017,62.240002,62.98,62.200001,62.299999,59.230362,18451700
1/20/2017,62.669998,62.82,62.369999,62.740002,59.648685,30213500
1/23/2017,62.700001,63.119999,62.57,62.959999,59.857845,23097600
1/24/2017,63.200001,63.740002,62.939999,63.52,60.390259,24672900
1/25/2017,63.950001,64.099998,63.450001,63.68,60.542374,23672700
1/26/2017,64.120003,64.540001,63.549999,64.269997,61.103298,43554600
1/27/2017,65.389999,65.910004,64.889999,65.779999,62.538902,44818000
1/30/2017,65.690002,65.790001,64.800003,65.129997,61.920921,31651400
1/31/2017,64.860001,65.150002,64.260002,64.650002,61.464577,25270500
2/1/2017,64.360001,64.620003,63.470001,63.580002,60.447304,39671500
2/2/2017,63.25,63.41,62.75,63.169998,60.057503,45827000
2/3/2017,63.5,63.700001,63.07,63.68,60.542374,30301800
2/6/2017,63.5,63.650002,63.139999,63.639999,60.504345,19796400
2/7/2017,63.740002,63.779999,63.23,63.43,60.304691,20277200
2/8/2017,63.57,63.810001,63.220001,63.34,60.219131,18096400
2/9/2017,63.52,64.440002,63.32,64.059998,60.903652,22644400
2/10/2017,64.25,64.300003,63.98,64,60.846611,18170700
2/13/2017,64.239998,64.860001,64.129997,64.720001,61.531136,22920100
2/14/2017,64.410004,64.720001,64.019997,64.57,61.760693,23108400
2/15/2017,64.5,64.57,64.160004,64.529999,61.722424,17005200
2/16/2017,64.739998,65.239998,64.440002,64.519997,61.712856,20546300
2/17/2017,64.470001,64.690002,64.300003,64.620003,61.808517,21248800
2/21/2017,64.610001,64.949997,64.449997,64.489998,61.684166,20655900
2/22/2017,64.330002,64.389999,64.050003,64.360001,61.559826,19292700
2/23/2017,64.419998,64.730003,64.190002,64.620003,61.808517,20273100
2/24/2017,64.529999,64.800003,64.139999,64.620003,61.808517,21796800
2/27/2017,64.540001,64.540001,64.050003,64.230003,61.435486,15871500
2/28/2017,64.080002,64.199997,63.759998,63.98,61.196365,23239800
3/1/2017,64.129997,64.989998,64.019997,64.940002,62.114594,26937500
3/2/2017,64.690002,64.75,63.880001,64.010002,61.225063,24539600
3/3/2017,63.990002,64.279999,63.619999,64.25,61.454613,18135900
3/6/2017,63.970001,64.559998,63.810001,64.269997,61.473736,18750300
3/7/2017,64.190002,64.779999,64.190002,64.400002,61.598091,18521000
3/8/2017,64.260002,65.080002,64.25,64.989998,62.162415,21510900
3/9/2017,65.190002,65.199997,64.480003,64.730003,61.913727,19846800
3/10/2017,65.110001,65.260002,64.75,64.93,62.105022,19538200
3/13/2017,65.010002,65.190002,64.57,64.709999,61.894596,20100000
3/14/2017,64.529999,64.550003,64.150002,64.410004,61.607651,14280200
3/15/2017,64.550003,64.919998,64.25,64.75,61.932861,24833800
3/16/2017,64.75,64.760002,64.300003,64.639999,61.827648,20674300
3/17/2017,64.910004,65.239998,64.68,64.870003,62.047638,49219700
3/20/2017,64.910004,65.18,64.720001,64.93,62.105022,14598100
3/21/2017,65.190002,65.5,64.129997,64.209999,61.416351,26640500
3/22/2017,64.120003,65.139999,64.120003,65.029999,62.200676,20680000
3/23/2017,64.940002,65.239998,64.769997,64.870003,62.047638,19269200
3/24/2017,65.360001,65.449997,64.760002,64.980003,62.152859,22617100
3/27/2017,64.629997,65.220001,64.349998,65.099998,62.26762,18614700
3/28/2017,64.959999,65.470001,64.650002,65.290001,62.449368,20080400
3/29/2017,65.120003,65.5,64.949997,65.470001,62.621529,13618400
3/30/2017,65.419998,65.980003,65.360001,65.709999,62.851093,15122800
3/31/2017,65.650002,66.190002,65.449997,65.860001,62.99456,21040300
4/3/2017,65.809998,65.940002,65.190002,65.550003,62.698048,20400900
4/4/2017,65.389999,65.809998,65.279999,65.730003,62.870228,12997400
4/5/2017,66.300003,66.349998,65.440002,65.559998,62.707611,21448600
4/6/2017,65.599998,66.059998,65.480003,65.730003,62.870228,18103500
4/7/2017,65.849998,65.959999,65.440002,65.68,62.822403,14108500
4/10/2017,65.610001,65.82,65.360001,65.529999,62.678928,17952700
4/11/2017,65.599998,65.610001,64.849998,65.480003,62.6311,18791500
4/12/2017,65.419998,65.510002,65.110001,65.230003,62.391968,17108500
4/13/2017,65.290001,65.860001,64.949997,64.949997,62.124149,17896500
4/17/2017,65.040001,65.489998,65.010002,65.480003,62.6311,16689300
4/18/2017,65.330002,65.709999,65.160004,65.389999,62.545021,15155600
4/19/2017,65.650002,65.75,64.889999,65.040001,62.210243,26992800
4/20/2017,65.459999,65.75,65.139999,65.5,62.650234,22299500
4/21/2017,65.669998,66.699997,65.449997,66.400002,63.51107,32522600
4/24/2017,67.480003,67.660004,67.099998,67.529999,64.591896,29770000
4/25/2017,67.900002,68.040001,67.599998,67.919998,64.964943,30242700
4/26/2017,68.080002,68.309998,67.620003,67.830002,64.878853,26190800
4/27/2017,68.150002,68.379997,67.580002,68.269997,65.299713,34971000
4/28/2017,68.910004,69.139999,67.690002,68.459999,65.481438,39548800
5/1/2017,68.68,69.550003,68.5,69.410004,66.390121,31954400
5/2/2017,69.709999,69.709999,69.129997,69.300003,66.284897,23906100
5/3/2017,69.379997,69.379997,68.709999,69.080002,66.074478,28928000
5/4/2017,69.029999,69.080002,68.639999,68.809998,65.816223,21749400
5/5/2017,68.900002,69.029999,68.489998,69,65.99794,19128800
5/8/2017,68.970001,69.050003,68.419998,68.940002,65.940567,18566100
5/9/2017,68.860001,69.279999,68.68,69.040001,66.036217,22858400
5/10/2017,68.989998,69.559998,68.919998,69.309998,66.294464,17977800
5/11/2017,68.360001,68.730003,68.120003,68.459999,65.481438,28789400
5/12/2017,68.610001,68.610001,68.040001,68.379997,65.404922,18714100
5/15/2017,68.139999,68.480003,67.57,68.43,65.452744,31530300
5/16/2017,68.230003,69.440002,68.160004,69.410004,66.770653,34956000
5/17/2017,68.889999,69.099998,67.43,67.480003,64.914047,30548800
5/18/2017,67.400002,68.129997,67.139999,67.709999,65.135292,25201300
5/19/2017,67.5,68.099998,67.43,67.690002,65.116051,26961100
5/22/2017,67.889999,68.5,67.5,68.449997,65.847145,16237600
5/23/2017,68.720001,68.75,68.379997,68.68,66.068413,15425800
5/24/2017,68.870003,68.879997,68.449997,68.769997,66.154999,14593900
5/25/2017,68.970001,69.879997,68.910004,69.620003,66.972672,21854100
5/26/2017,69.800003,70.220001,69.519997,69.959999,67.299736,19827900
5/30/2017,69.790001,70.410004,69.769997,70.410004,67.732635,17072800
5/31/2017,70.529999,70.739998,69.809998,69.839996,67.184303,30436400
6/1/2017,70.239998,70.610001,69.449997,70.099998,67.43441,21603600
6/2/2017,70.440002,71.860001,70.239998,71.760002,69.031296,34770300
6/5/2017,71.970001,72.889999,71.809998,72.279999,69.531525,33316800
6/6/2017,72.300003,72.620003,72.269997,72.519997,69.762383,31511100
6/7/2017,72.639999,72.769997,71.949997,72.389999,69.637344,22301800
6/8/2017,72.510002,72.519997,71.5,71.949997,69.214073,24588300
6/9/2017,72.040001,72.080002,68.589996,70.32,67.646049,49187400
6/12/2017,69.25,69.940002,68.129997,69.779999,67.126595,47761700
6/13/2017,70.019997,70.82,69.959999,70.650002,67.963501,25258600
6/14/2017,70.910004,71.099998,69.43,70.269997,67.597946,25510700
6/15/2017,69.269997,70.209999,68.800003,69.900002,67.242035,26068700
6/16/2017,69.730003,70.029999,69.220001,70,67.338226,48345100
6/19/2017,70.5,70.940002,70.349998,70.870003,68.17514,23798300
6/20/2017,70.82,70.870003,69.870003,69.910004,67.25164,21512200
6/21/2017,70.209999,70.620003,69.940002,70.269997,67.597946,19891100
6/22/2017,70.540001,70.589996,69.709999,70.260002,67.588326,22965700
6/23/2017,70.089996,71.25,69.919998,71.209999,68.502213,27617300
6/26/2017,71.400002,71.709999,70.440002,70.529999,67.848068,19607000
6/27/2017,70.110001,70.18,69.18,69.209999,66.578262,25215100
6/28/2017,69.209999,69.839996,68.790001,69.800003,67.145828,25806200
6/29/2017,69.379997,69.489998,68.089996,68.489998,65.885651,28918700
6/30/2017,68.779999,69.379997,68.739998,68.93,66.308907,24161100
7/3/2017,69.330002,69.599998,68.019997,68.169998,65.577812,16165500
7/5/2017,68.260002,69.440002,68.220001,69.080002,66.453201,21176300
7/6/2017,68.269997,68.779999,68.120003,68.57,65.962593,21117600
7/7/2017,68.699997,69.839996,68.699997,69.459999,66.818756,16878300
7/10/2017,69.459999,70.25,69.199997,69.980003,67.318993,15014500
7/11/2017,70,70.68,69.75,69.989998,67.328598,17460000
7/12/2017,70.690002,71.279999,70.550003,71.150002,68.444496,17750900
7/13/2017,71.5,72.040001,71.309998,71.769997,69.040909,20269800
7/14/2017,72.239998,73.269997,71.959999,72.779999,70.012505,25868100
7/17/2017,72.800003,73.449997,72.720001,73.349998,70.560837,21803900
7/18/2017,73.089996,73.389999,72.660004,73.300003,70.512741,26435300
7/19/2017,73.5,74.040001,73.449997,73.860001,71.051437,22416200
7/20/2017,74.18,74.300003,73.279999,74.220001,71.397751,42361000
7/21/2017,73.449997,74.290001,73.169998,73.790001,70.9841,46717100
7/24/2017,73.529999,73.75,73.129997,73.599998,70.801331,21394800
7/25/2017,73.800003,74.309998,73.5,74.190002,71.368896,22018700
7/26/2017,74.339996,74.379997,73.809998,74.050003,71.23423,16252200
7/27/2017,73.760002,74.419998,72.32,73.160004,70.378075,36844200
7/28/2017,72.669998,73.309998,72.540001,73.040001,70.262627,18306700
7/31/2017,73.300003,73.440002,72.410004,72.699997,69.935555,23600100
8/1/2017,73.099998,73.419998,72.489998,72.580002,69.820122,22132300
8/2/2017,72.550003,72.559998,71.440002,72.260002,69.512291,26499200
8/3/2017,72.190002,72.440002,71.849998,72.150002,69.406471,18214400
8/4/2017,72.400002,73.040001,72.239998,72.68,69.916306,22579000
8/7/2017,72.800003,72.900002,72.260002,72.400002,69.646973,18705700
8/8/2017,72.089996,73.129997,71.75,72.790001,70.022141,22044600
8/9/2017,72.25,72.510002,72.050003,72.470001,69.714302,22213400
8/10/2017,71.900002,72.190002,71.349998,71.410004,68.694618,24734500
8/11/2017,71.610001,72.699997,71.279999,72.5,69.743149,21443700
8/14/2017,73.059998,73.720001,72.949997,73.589996,70.791695,20096600
8/15/2017,73.589996,73.589996,73.040001,73.220001,70.811058,19181400
8/16/2017,73.339996,74.099998,73.169998,73.650002,71.226906,18150400
8/17/2017,73.580002,73.870003,72.400002,72.400002,70.018028,22977500
8/18/2017,72.269997,72.839996,71.93,72.489998,70.105072,18761500
8/21/2017,72.470001,72.480003,71.699997,72.150002,69.776245,17734800
8/22/2017,72.349998,73.239998,72.349998,73.160004,70.753029,14343700
8/23/2017,72.959999,73.150002,72.529999,72.720001,70.327507,13766500
8/24/2017,72.739998,72.860001,72.07,72.690002,70.298492,17098300
8/25/2017,72.860001,73.349998,72.480003,72.82,70.424217,12794300
8/28/2017,73.059998,73.089996,72.550003,72.830002,70.433891,14569700
8/29/2017,72.25,73.160004,72.050003,73.050003,70.646645,11478400
8/30/2017,73.010002,74.209999,72.830002,74.010002,71.57505,16897800
8/31/2017,74.029999,74.959999,73.800003,74.769997,72.310051,27652800
9/1/2017,74.709999,74.739998,73.639999,73.940002,71.507362,21736200
9/5/2017,73.339996,73.889999,72.980003,73.610001,71.188217,21556000
9/6/2017,73.739998,74.040001,73.349998,73.400002,70.98513,16535800
9/7/2017,73.68,74.599998,73.599998,74.339996,71.894203,17471200
9/8/2017,74.330002,74.440002,73.839996,73.980003,71.546036,14703800
9/11/2017,74.309998,74.940002,74.309998,74.760002,72.300392,17910400
9/12/2017,74.760002,75.239998,74.370003,74.68,72.223022,14394900
9/13/2017,74.93,75.230003,74.550003,75.209999,72.73558,13380800
9/14/2017,75,75.489998,74.519997,74.769997,72.310051,15733900
9/15/2017,74.830002,75.389999,74.07,75.309998,72.832283,38578400
9/18/2017,75.230003,75.970001,75.040001,75.160004,72.687225,23307000
9/19/2017,75.209999,75.709999,75.010002,75.440002,72.958008,16093300
9/20/2017,75.349998,75.550003,74.309998,74.940002,72.474472,21587900
9/21/2017,75.110001,75.239998,74.110001,74.209999,71.768478,19186100
9/22/2017,73.989998,74.510002,73.849998,74.410004,71.961906,14111400
9/25/2017,74.089996,74.25,72.919998,73.260002,70.849724,24149200
9/26/2017,73.669998,73.809998,72.989998,73.260002,70.849724,18019600
9/27/2017,73.550003,74.169998,73.169998,73.849998,71.420326,19565100
9/28/2017,73.540001,73.970001,73.309998,73.870003,71.439667,10883800
9/29/2017,73.940002,74.540001,73.879997,74.489998,72.039268,17079100
10/2/2017,74.709999,75.010002,74.300003,74.610001,72.155319,15304800
10/3/2017,74.669998,74.879997,74.190002,74.260002,71.816841,12190400
10/4/2017,74.089996,74.720001,73.709999,74.690002,72.232697,13317700
10/5/2017,75.220001,76.120003,74.959999,75.970001,73.470573,21195300
10/6/2017,75.669998,76.029999,75.540001,76,73.49958,13959800
10/9/2017,75.970001,76.550003,75.860001,76.290001,73.780052,11386500
10/10/2017,76.330002,76.629997,76.139999,76.290001,73.780052,13944500
10/11/2017,76.360001,76.459999,75.949997,76.419998,73.905769,15388900
10/12/2017,76.489998,77.290001,76.370003,77.120003,74.582748,16876500
10/13/2017,77.589996,77.870003,77.290001,77.489998,74.940567,15335700
10/16/2017,77.419998,77.809998,77.349998,77.650002,75.095306,12380100
10/17/2017,77.470001,77.620003,77.25,77.589996,75.037262,16824000
10/18/2017,77.669998,77.849998,77.370003,77.610001,75.056618,13300700
10/19/2017,77.57,77.93,77.349998,77.910004,75.346748,15092800
10/20/2017,78.32,78.970001,78.220001,78.809998,76.21714,22866400
10/23/2017,78.989998,79.339996,78.760002,78.830002,76.236488,20627200
10/24/2017,78.900002,79.199997,78.459999,78.860001,76.265511,17517200
10/25/2017,78.580002,79.099998,78.010002,78.629997,76.043053,20410800
10/26/2017,79.199997,79.419998,78.75,78.760002,76.168777,32120700
10/27/2017,84.370003,86.199997,83.610001,83.809998,81.052635,71066700
10/30/2017,83.699997,84.330002,83.110001,83.889999,81.130005,31756700
10/31/2017,84.360001,84.360001,83.110001,83.18,80.443352,27086600
11/1/2017,83.68,83.760002,82.879997,83.18,80.443352,22307400
11/2/2017,83.349998,84.459999,83.120003,84.050003,81.284744,23992900
11/3/2017,84.080002,84.540001,83.400002,84.139999,81.371788,17633500
11/6/2017,84.199997,84.699997,84.080002,84.470001,81.690926,19860900
11/7/2017,84.769997,84.900002,83.93,84.269997,81.497498,17939700
11/8/2017,84.139999,84.610001,83.830002,84.559998,81.777962,18034200
11/9/2017,84.110001,84.269997,82.900002,84.089996,81.323418,21178400
11/10/2017,83.790001,84.099998,83.230003,83.870003,81.11068,19397800
11/13/2017,83.660004,83.940002,83.459999,83.93,81.168694,14196900
11/14/2017,83.5,84.099998,82.980003,84.050003,81.284744,18801300
11/15/2017,83.470001,83.690002,82.690002,82.980003,80.652969,19383100
11/16/2017,83.099998,83.419998,82.940002,83.199997,80.866798,20962800
11/17/2017,83.120003,83.120003,82.239998,82.400002,80.089226,22079000
11/20/2017,82.400002,82.589996,82.25,82.529999,80.215591,16315000
11/21/2017,82.739998,83.839996,82.739998,83.720001,81.372231,21237500
11/22/2017,83.830002,83.900002,83.040001,83.110001,80.779327,20553100
11/24/2017,83.010002,83.43,82.779999,83.260002,80.925125,7425600
11/27/2017,83.309998,83.980003,83.300003,83.870003,81.518021,18265200
11/28/2017,84.07,85.059998,84.019997,84.879997,82.49968,21926000
11/29/2017,84.709999,84.919998,83.18,83.339996,81.002876,27381100
11/30/2017,83.510002,84.519997,83.339996,84.169998,81.809601,33054600
12/1/2017,83.599998,84.809998,83.220001,84.260002,81.897079,29532100
12/4/2017,84.419998,84.43,80.699997,81.080002,78.806252,39094900
12/5/2017,81.339996,82.68,80.980003,81.589996,79.301933,26152300
12/6/2017,81.550003,83.139999,81.43,82.779999,80.45858,26162100
12/7/2017,82.540001,82.800003,82,82.489998,80.176704,23184500
12/8/2017,83.629997,84.580002,83.330002,84.160004,81.799881,24489100
12/11/2017,84.290001,85.370003,84.120003,85.230003,82.839882,22857900
12/12/2017,85.309998,86.050003,85.080002,85.580002,83.180061,23924100
12/13/2017,85.739998,86,85.169998,85.349998,82.956505,22062700
12/14/2017,85.43,85.870003,84.529999,84.690002,82.315025,19306000
12/15/2017,85.260002,87.089996,84.879997,86.849998,84.414436,53936700
12/18/2017,87.120003,87.5,86.230003,86.379997,83.957619,22283800
12/19/2017,86.349998,86.349998,85.269997,85.830002,83.42305,23524800
12/20/2017,86.199997,86.300003,84.709999,85.519997,83.121735,23674900
12/21/2017,86.050003,86.099998,85.400002,85.5,83.102303,17990700
12/22/2017,85.400002,85.629997,84.919998,85.510002,83.112022,14145800
12/26/2017,85.309998,85.529999,85.029999,85.400002,83.005104,9891200
12/27/2017,85.650002,85.980003,85.220001,85.709999,83.306412,14678000
12/28/2017,85.900002,85.93,85.550003,85.720001,83.316124,10594300
12/29/2017,85.629997,86.050003,85.5,85.540001,83.141182,18717400
1/2/2018,86.129997,86.309998,85.5,85.949997,83.53968,22483800
1/3/2018,86.059998,86.510002,85.970001,86.349998,83.928474,26061400
1/4/2018,86.589996,87.660004,86.57,87.110001,84.667145,21912000
1/5/2018,87.660004,88.410004,87.43,88.190002,85.716881,23407100
1/8/2018,88.199997,88.580002,87.599998,88.279999,85.804337,22113000
1/9/2018,88.650002,88.730003,87.860001,88.220001,85.746025,19484300
1/10/2018,87.860001,88.190002,87.410004,87.82,85.357239,18652200
1/11/2018,88.129997,88.129997,87.239998,88.080002,85.609947,17808900
1/12/2018,88.669998,89.779999,88.449997,89.599998,87.087334,24271500
1/16/2018,90.099998,90.790001,88.010002,88.349998,85.872368,36599700
1/17/2018,89.080002,90.279999,88.75,90.139999,87.612183,25621200
1/18/2018,89.800003,90.669998,89.660004,90.099998,87.573303,24159700
1/19/2018,90.139999,90.610001,89.660004,90,87.476105,36875000
1/22/2018,90,91.620003,89.739998,91.610001,89.040962,23601600
1/23/2018,91.900002,92.300003,91.540001,91.900002,89.322823,23412800
1/24/2018,92.550003,93.43,91.580002,91.82,89.245064,33277500
1/25/2018,92.470001,93.239998,91.93,92.330002,89.740768,26383200
1/26/2018,93.120003,94.059998,92.580002,94.059998,91.422256,29172200
1/29/2018,95.139999,95.449997,93.720001,93.919998,91.286179,31569900
1/30/2018,93.300003,93.660004,92.099998,92.739998,90.139259,38635100
1/31/2018,93.75,95.400002,93.510002,95.010002,92.345612,48756300
2/1/2018,94.790001,96.07,93.580002,94.260002,91.616646,47227900
2/2/2018,93.639999,93.970001,91.5,91.779999,89.206184,47867800
2/5/2018,90.559998,93.239998,88,88,85.532188,51031500
2/6/2018,86.889999,91.480003,85.25,91.330002,88.768806,67998600
2/7/2018,90.489998,91.769997,89.199997,89.610001,87.097038,41107600
2/8/2018,89.709999,89.879997,84.760002,85.010002,82.626045,55628700
2/9/2018,86.300003,88.93,83.830002,88.18,85.707153,63499100
2/12/2018,88.739998,89.779999,87.93,89.129997,86.630493,35720300
2/13/2018,88.93,90,87.800003,89.830002,87.310875,26407700
2/14/2018,88.510002,90.989998,88.410004,90.809998,88.678009,34960900
2/15/2018,91.209999,92.720001,90.620003,92.660004,90.484581,27823900
2/16/2018,92.449997,93.5,91.800003,92,89.840065,30596900
2/20/2018,91.480003,93.059998,91.010002,92.720001,90.543159,30911700
2/21/2018,92.980003,93.360001,91.489998,91.489998,89.342033,26922500
2/22/2018,92.050003,92.730003,91.360001,91.730003,89.576408,24392800
2/23/2018,93.599998,94.07,92.360001,94.059998,91.8517,26329200
2/26/2018,94.400002,95.449997,94.25,95.419998,93.179771,30199800
2/27/2018,95.739998,95.839996,94.199997,94.199997,91.988403,25869100
2/28/2018,94.839996,95.709999,93.629997,93.769997,91.56852,31167300
3/1/2018,93.989998,94.57,91.839996,92.849998,90.670113,37135600
3/2/2018,91.580002,93.150002,90.860001,93.050003,90.865417,32830400
3/5/2018,92.339996,94.269997,92.260002,93.639999,91.441551,23901600
3/6/2018,94.339996,94.489998,92.940002,93.32,91.129082,22175800
3/7/2018,93.160004,93.940002,92.43,93.860001,91.656403,26716100
3/8/2018,94.269997,95.099998,93.769997,94.43,92.213013,25887800
3/9/2018,95.290001,96.540001,95,96.540001,94.273476,36937300
3/12/2018,96.5,97.209999,96.040001,96.769997,94.498077,26073700
3/13/2018,97,97.239998,93.970001,94.410004,92.193489,35387800
3/14/2018,95.120003,95.410004,93.5,93.849998,91.646629,32132000
3/15/2018,93.529999,94.580002,92.830002,94.18,91.968895,27611000
3/16/2018,94.68,95.379997,93.919998,94.599998,92.379021,49081300
3/19/2018,93.739998,93.900002,92.110001,92.889999,90.709175,33344100
3/20/2018,93.050003,93.769997,93,93.129997,90.943542,23075200
3/21/2018,92.93,94.050003,92.209999,92.480003,90.3088,24457100
3/22/2018,91.269997,91.75,89.660004,89.790001,87.681946,38604700
3/23/2018,89.5,90.459999,87.080002,87.18,85.133224,44068900
3/26/2018,90.610001,94,90.400002,93.779999,91.57827,56396800
3/27/2018,94.940002,95.139999,88.510002,89.470001,87.369469,56569000
3/28/2018,89.82,91.230003,88.870003,89.389999,87.291344,52501100
3/29/2018,90.18,92.290001,88.400002,91.269997,89.12719,45867500
4/2/2018,90.470001,90.879997,87.510002,88.519997,86.441757,48515400
4/3/2018,89.580002,90.050003,87.889999,89.709999,87.603821,37213800
4/4/2018,87.849998,92.760002,87.730003,92.330002,90.162323,35560000
4/5/2018,92.440002,93.07,91.400002,92.379997,90.211143,29771900
4/6/2018,91.489998,92.459999,89.480003,90.230003,88.111626,38026000
4/9/2018,91.040001,93.169998,90.620003,90.769997,88.638939,31533900
4/10/2018,92.389999,93.279999,91.639999,92.879997,90.699394,26812000
4/11/2018,92.010002,93.290001,91.480003,91.860001,89.703362,24872100
4/12/2018,92.43,94.160004,92.43,93.580002,91.382973,26758900
4/13/2018,94.050003,94.18,92.440002,93.080002,90.894714,23346100
4/16/2018,94.07,94.660004,93.419998,94.169998,91.959106,20288100
4/17/2018,95,96.540001,94.879997,96.07,93.814514,26771000
4/18/2018,96.220001,96.720001,95.519997,96.440002,94.175827,21043300
4/19/2018,96.440002,97.07,95.339996,96.110001,93.853577,23552500
4/20/2018,95.910004,96.110001,94.050003,95,92.76963,31154400
4/23/2018,95.739998,96.290001,94.629997,95.349998,93.111412,22331800
4/24/2018,96.239998,96.470001,92.410004,93.120003,90.933769,34524800
4/25/2018,93.300003,93.300003,90.279999,92.309998,90.142799,33729300
4/26/2018,93.550003,95.150002,93.099998,94.260002,92.047012,42529000
4/27/2018,97.599998,97.900002,93.910004,95.82,93.570381,48272800
4/30/2018,96.330002,96.400002,93.150002,93.519997,91.324371,41523600
5/1/2018,93.209999,95.290001,92.790001,95,92.76963,31408900
5/2/2018,94.989998,95.169998,93.190002,93.510002,91.314621,27471000
5/3/2018,92.959999,94.93,92.449997,94.07,91.861473,31142500
5/4/2018,93.32,95.370003,92.919998,95.160004,92.925873,22531300
5/7/2018,95.169998,96.709999,95.099998,96.220001,93.960991,24242000
5/8/2018,95.849998,96.160004,95.059998,95.809998,93.560616,23484600
5/9/2018,96.010002,96.970001,95.050003,96.940002,94.664101,27327400
5/10/2018,97.459999,97.949997,97.050003,97.910004,95.611313,22388100
5/11/2018,97.800003,97.870003,97.040001,97.699997,95.40625,16778300
5/14/2018,97.919998,98.690002,97.309998,98.029999,95.728493,19454100
5/15/2018,97.239998,97.849998,96.339996,97.32,95.035164,24594000
5/16/2018,97.360001,97.400002,96.620003,97.150002,95.28035,17384700
5/17/2018,96.760002,97.540001,95.830002,96.18,94.329018,17246700
5/18/2018,96.010002,96.93,96.010002,96.360001,94.505569,17865800
5/21/2018,97,98.010002,96.800003,97.599998,95.721695,19422500
5/22/2018,97.68,98.169998,97.199997,97.5,95.623627,15441200
5/23/2018,96.709999,98.730003,96.32,98.660004,96.761292,21251200
5/24/2018,98.730003,98.940002,96.809998,98.309998,96.41803,26649300
5/25/2018,98.300003,98.980003,97.860001,98.360001,96.467072,18363900
5/29/2018,97.839996,98.879997,97.230003,98.010002,96.123802,28671000
5/30/2018,98.309998,99.25,97.910004,98.949997,97.045715,22158500
5/31/2018,99.290001,99.989998,98.610001,98.839996,96.937828,34140900
6/1/2018,99.279999,100.860001,99.169998,100.790001,98.850311,28655600
6/4/2018,101.260002,101.860001,100.849998,101.669998,99.713371,27281600
6/5/2018,102,102.330002,101.529999,102.190002,100.223366,23514400
6/6/2018,102.480003,102.599998,101.900002,102.489998,100.517586,21122900
6/7/2018,102.650002,102.690002,100.379997,100.879997,98.938568,28232200
6/8/2018,101.089996,101.949997,100.540001,101.629997,99.674141,22165100
6/11/2018,101.010002,101.589996,100.669998,101.050003,99.105301,23490900
6/12/2018,101.099998,101.449997,100.75,101.309998,99.360298,18325200
6/13/2018,101.720001,102.010002,100.559998,100.849998,98.909149,29492900
6/14/2018,101.650002,102.029999,101,101.419998,99.468178,25691800
6/15/2018,101.510002,101.529999,100.07,100.129997,98.203003,65738600
6/18/2018,100.010002,101.110001,99.419998,100.860001,98.918961,23586000
6/19/2018,99.650002,101,99.5,100.860001,98.918961,28653100
6/20/2018,101.370003,102.519997,101.120003,101.870003,99.909523,26180800
6/21/2018,102.080002,102.459999,100.879997,101.139999,99.193573,23198200
6/22/2018,100.410004,100.769997,99.629997,100.410004,98.477631,38923100
6/25/2018,100,100.110001,97.300003,98.389999,96.49649,35433300
6/26/2018,98.82,100.080002,98.75,99.080002,97.173225,26897200
6/27/2018,99.580002,100.019997,97.400002,97.540001,95.662849,31298400
6/28/2018,97.379997,99.110001,97.260002,98.629997,96.731873,26650700
6/29/2018,98.93,99.910004,98.330002,98.610001,96.712257,28053200
7/2/2018,98.099998,100.059998,98,100.010002,98.085312,19564500
7/3/2018,100.480003,100.629997,98.940002,99.050003,97.143799,14670300
7/5/2018,99.5,99.919998,99.029999,99.760002,97.840126,18977400
7/6/2018,99.889999,101.43,99.669998,101.160004,99.213196,19234600
7/9/2018,101.650002,102.25,101.25,101.849998,99.8899,18212000
7/10/2018,102,102.510002,101.860001,102.120003,100.154709,19293100
7/11/2018,101.150002,102.339996,101.099998,101.980003,100.01741,19644600
7/12/2018,102.769997,104.410004,102.730003,104.190002,102.184883,24335900
7/13/2018,104.370003,105.599998,104.089996,105.43,103.401009,24635200
7/16/2018,105.400002,105.82,104.519997,104.910004,102.891022,21786900
7/17/2018,104.610001,106.5,104.32,105.949997,103.910988,25901700
7/18/2018,105.940002,106.050003,104.720001,105.120003,103.096977,29493900
7/19/2018,104.93,105.309998,103.889999,104.400002,102.390823,40171600
7/20/2018,108.080002,108.199997,106.080002,106.269997,104.224838,56004000
7/23/2018,106.300003,108.139999,106.129997,107.970001,105.892128,29707000
7/24/2018,108.57,108.82,107.260002,107.660004,105.588097,26316600
7/25/2018,107.959999,111.150002,107.599998,110.830002,108.697083,30702100
7/26/2018,110.739998,111,109.5,109.620003,107.510376,31372100
7/27/2018,110.18,110.18,106.139999,107.68,105.607712,37005300
7/30/2018,107.190002,107.529999,104.760002,105.370003,103.342163,34668300
7/31/2018,106.489998,106.720001,105.379997,106.080002,104.038513,27655200
8/1/2018,106.029999,106.449997,105.419998,106.279999,104.23465,23628700
8/2/2018,105.400002,108.089996,104.839996,107.57,105.499832,26104300
8/3/2018,107.800003,108.050003,106.82,108.040001,105.960777,18659600
8/6/2018,108.120003,108.419998,107.559998,108.129997,106.049042,20265900
8/7/2018,108.559998,109.099998,108.169998,108.879997,106.784607,16080200
8/8/2018,109.330002,109.75,108.760002,109.489998,107.382874,15487500
8/9/2018,109.709999,110.160004,109.599998,109.669998,107.559402,13677200
8/10/2018,109.419998,109.690002,108.379997,109,106.902306,18183700
8/13/2018,109.239998,109.580002,108.099998,108.209999,106.127502,18472500
8/14/2018,108.559998,109.75,108.040001,109.559998,107.45153,16788300
8/15/2018,108.489998,108.989998,106.82,107.660004,105.994431,29982800
8/16/2018,108.300003,108.860001,107.300003,107.639999,105.974731,21384300
8/17/2018,107.360001,107.900002,106.690002,107.580002,105.915665,18061500
8/20/2018,107.510002,107.900002,106.480003,106.870003,105.216652,17914200
8/21/2018,106.919998,107.349998,105.849998,105.980003,104.340416,22881900
8/22/2018,105.849998,107.339996,105.779999,107.059998,105.403702,18000600
8/23/2018,107.150002,108.18,106.870003,107.559998,105.895966,18167700
8/24/2018,107.669998,108.559998,107.559998,108.400002,106.722969,17234000
8/27/2018,109.269997,109.639999,108.510002,109.599998,107.904411,19662300
8/28/2018,109.940002,110.5,109.790001,110.260002,108.554207,19151500
8/29/2018,110.449997,112.029999,110.269997,112.019997,110.286972,20818000
8/30/2018,111.669998,112.610001,111.440002,111.949997,110.218056,22798700
8/31/2018,111.690002,112.779999,111.519997,112.330002,110.592186,23222700
9/4/2018,110.849998,111.959999,110.220001,111.709999,109.981766,22634600
9/5/2018,111.010002,111.419998,108.099998,108.489998,106.811584,32872400
9/6/2018,108.25,108.989998,107.510002,108.739998,107.057709,23477600
9/7/2018,108.230003,108.720001,107.230003,108.209999,106.535919,22498600
9/10/2018,108.839996,109.639999,108.360001,109.379997,107.687813,20727900
9/11/2018,108.900002,111.589996,108.889999,111.239998,109.519043,24301800
9/12/2018,111.43,111.849998,110.510002,111.709999,109.981766,18891100
9/13/2018,112.120003,113.730003,112.120003,112.910004,111.163208,26055600
9/14/2018,113.360001,113.730003,112.440002,113.370003,111.616089,19122300
9/17/2018,113.690002,113.699997,111.860001,112.139999,110.405121,20736500
9/18/2018,112.190002,113.699997,111.720001,113.209999,111.458572,22170900
9/19/2018,113.050003,113.32,111.040001,111.699997,109.971924,21728400
9/20/2018,112.279999,113.800003,111.93,113.57,111.812996,23714500
9/21/2018,114,115.290001,113.510002,114.260002,112.492317,71229700
9/24/2018,113.029999,114.900002,112.220001,114.669998,112.895973,27334500
9/25/2018,114.800003,115.099998,113.75,114.449997,112.679375,22668000
9/26/2018,114.470001,115.059998,113.739998,113.980003,112.21666,19352000
9/27/2018,114.779999,114.910004,114.199997,114.410004,112.639999,19091300
9/28/2018,114.190002,114.57,113.68,114.370003,112.600616,21647800
10/1/2018,114.75,115.68,114.730003,115.610001,113.821434,18883100
10/2/2018,115.300003,115.839996,114.440002,115.150002,113.368553,20787200
10/3/2018,115.419998,116.18,114.93,115.169998,113.388237,16648000
10/4/2018,114.610001,114.760002,111.629997,112.790001,111.045067,34821700
10/5/2018,112.629997,113.169998,110.639999,112.129997,110.395264,29068900
10/8/2018,111.660004,112.029999,109.339996,110.849998,109.135078,29640600
10/9/2018,111.139999,113.080002,110.800003,112.260002,110.523254,26198600
10/10/2018,111.239998,111.5,105.790001,106.160004,104.517632,61376300
10/11/2018,105.349998,108.93,104.199997,105.910004,104.271507,63904300
10/12/2018,109.010002,111.239998,107.120003,109.57,107.87487,47742100
10/15/2018,108.910004,109.480003,106.949997,107.599998,105.935349,32068100
10/16/2018,109.540001,111.410004,108.949997,111,109.282745,31610200
10/17/2018,111.68,111.809998,109.550003,110.709999,108.997238,26548200
10/18/2018,110.099998,110.529999,107.830002,108.5,106.821426,32506200
10/19/2018,108.93,110.860001,108.209999,108.660004,106.978958,32785500
10/22/2018,109.32,110.540001,108.239998,109.629997,107.933945,26545600
10/23/2018,107.769997,108.970001,105.110001,108.099998,106.427612,43770400
10/24/2018,108.410004,108.489998,101.589996,102.32,100.737038,63897800
10/25/2018,106.550003,109.269997,106.150002,108.300003,106.624535,61646800
10/26/2018,105.690002,108.75,104.760002,106.959999,105.30526,55523100
10/29/2018,108.110001,108.699997,101.629997,103.849998,102.24337,55162000
10/30/2018,103.660004,104.379997,100.110001,103.730003,102.125237,65350900
10/31/2018,105.440002,108.139999,105.389999,106.809998,105.157578,51062400
11/1/2018,107.050003,107.32,105.529999,105.919998,104.281342,33384200
11/2/2018,106.480003,107.32,104.980003,106.160004,104.517632,37680200
11/5/2018,106.370003,107.739998,105.900002,107.510002,105.846748,27922100
11/6/2018,107.379997,108.839996,106.279999,107.720001,106.053505,24340200
11/7/2018,109.440002,112.239998,109.400002,111.959999,110.227905,37901700
11/8/2018,111.800003,112.209999,110.910004,111.75,110.021149,25644100
11/9/2018,110.849998,111.449997,108.760002,109.57,107.87487,32039200
11/12/2018,109.419998,109.959999,106.099998,106.870003,105.216652,33621800
11/13/2018,107.550003,108.739998,106.639999,106.940002,105.285568,35374600
11/14/2018,108.099998,108.260002,104.470001,104.970001,103.792503,39495100
11/15/2018,104.989998,107.800003,103.910004,107.279999,106.076599,38505200
11/16/2018,107.080002,108.879997,106.800003,108.290001,107.075256,33502100
11/19/2018,108.269997,108.559998,103.550003,104.620003,103.446434,44773900
11/20/2018,101.800003,102.970001,99.349998,101.709999,100.569077,64052500
11/21/2018,103.599998,104.43,102.239998,103.110001,101.953369,28130600
11/23/2018,102.169998,103.809998,102,103.07,101.913811,13823100
11/26/2018,104.790001,106.629997,104.580002,106.470001,105.275681,32336200
11/27/2018,106.269997,107.330002,105.360001,107.139999,105.938156,29124500
11/28/2018,107.889999,111.330002,107.860001,111.120003,109.87352,46788500
11/29/2018,110.330002,111.120003,109.029999,110.190002,108.953957,28123200
11/30/2018,110.699997,110.970001,109.360001,110.889999,109.646095,33665600
12/3/2018,113,113.419998,110.730003,112.089996,110.832626,34732800
12/4/2018,111.940002,112.639999,108.209999,108.519997,107.302681,45197000
12/6/2018,105.82,109.239998,105,109.190002,107.965172,49107400
12/7/2018,108.379997,109.449997,104.300003,104.82,103.644188,45044900
12/10/2018,104.800003,107.980003,103.889999,107.589996,106.38311,40801500
12/11/2018,109.800003,110.949997,107.440002,108.589996,107.371895,42381900
12/12/2018,110.889999,111.269997,109.040001,109.080002,107.8564,36183000
12/13/2018,109.580002,110.870003,108.629997,109.449997,108.222252,31333400
12/14/2018,108.25,109.260002,105.5,106.029999,104.840607,47043100
12/17/2018,105.410004,105.800003,101.709999,102.889999,101.735832,56957300
12/18/2018,103.75,104.510002,102.519997,103.970001,102.803719,49319200
12/19/2018,103.650002,106.879997,101.349998,103.690002,102.526863,68198200
12/20/2018,103.050003,104.309998,98.779999,101.510002,100.371323,70334200
12/21/2018,101.629997,103,97.459999,98.230003,97.128105,111242100
12/24/2018,97.68,97.970001,93.980003,94.129997,93.074097,43935200
12/26/2018,95.139999,100.690002,93.959999,100.559998,99.431976,51634800
12/27/2018,99.300003,101.190002,96.400002,101.18,100.045013,49498500
12/28/2018,102.089996,102.410004,99.519997,100.389999,99.263878,38196300
12/31/2018,101.290001,102.400002,100.440002,101.57,100.430641,33173800
1/2/2019,99.550003,101.75,98.940002,101.120003,99.985695,35329300
1/3/2019,100.099998,100.190002,97.199997,97.400002,96.307419,42579100
1/4/2019,99.720001,102.510002,98.93,101.93,100.786606,44060600
1/7/2019,101.639999,103.269997,100.980003,102.059998,100.915146,35656100
1/8/2019,103.040001,103.970001,101.709999,102.800003,101.646843,31514400
1/9/2019,103.860001,104.879997,103.239998,104.269997,103.100357,32280800
1/10/2019,103.220001,103.75,102.379997,103.599998,102.437866,30067600
1/11/2019,103.190002,103.440002,101.639999,102.800003,101.646843,28314200
1/14/2019,101.900002,102.870003,101.260002,102.050003,100.905266,28437100
1/15/2019,102.510002,105.050003,101.879997,105.010002,103.832062,31587600
1/16/2019,105.260002,106.260002,104.959999,105.379997,104.197899,29853900
1/17/2019,105,106.629997,104.760002,106.120003,104.929604,28393000
1/18/2019,107.459999,107.900002,105.910004,107.709999,106.501762,37427600
1/22/2019,106.75,107.099998,104.860001,105.68,104.494537,32371300
1/23/2019,106.120003,107.040001,105.339996,106.709999,105.512978,25874300
1/24/2019,106.860001,107,105.339996,106.199997,105.008705,23164800
1/25/2019,107.239998,107.879997,106.199997,107.169998,105.967827,31225600
1/28/2019,106.260002,106.480003,104.660004,105.080002,103.901276,29476700
1/29/2019,104.879997,104.970001,102.169998,102.940002,101.785278,31490500
1/30/2019,104.620003,106.379997,104.330002,106.379997,105.186691,49471900
1/31/2019,103.800003,105.220001,103.18,104.43,103.25856,55636400
2/1/2019,103.779999,104.099998,102.349998,102.779999,101.627075,35535700
2/4/2019,102.870003,105.800003,102.769997,105.739998,104.553864,31315100
2/5/2019,106.059998,107.269997,105.959999,107.220001,106.017273,27325400
2/6/2019,107,107,105.529999,106.029999,104.840607,20609800
2/7/2019,105.190002,105.589996,104.290001,105.269997,104.089134,29760700
2/8/2019,104.389999,105.779999,104.260002,105.669998,104.48465,21461100
2/11/2019,106.199997,106.580002,104.970001,105.25,104.069366,18914100
2/12/2019,106.139999,107.139999,105.480003,106.889999,105.690964,25056600
2/13/2019,107.5,107.779999,106.709999,106.809998,105.611862,18394900
2/14/2019,106.309998,107.290001,105.660004,106.900002,105.700859,21784700
2/15/2019,107.910004,108.300003,107.360001,108.220001,107.00605,26606900
2/19/2019,107.790001,108.660004,107.779999,108.169998,106.956604,18038500
2/20/2019,107.860001,107.940002,106.290001,107.150002,106.400528,21607700
2/21/2019,106.900002,109.480003,106.870003,109.410004,108.644722,29063200
2/22/2019,110.050003,111.199997,109.82,110.970001,110.193802,27763200
2/25/2019,111.760002,112.18,111.260002,111.589996,110.809464,23750600
2/26/2019,111.260002,113.239998,111.169998,112.360001,111.574081,21536700
2/27/2019,111.690002,112.360001,110.879997,112.169998,111.385406,21487100
2/28/2019,112.040001,112.879997,111.730003,112.029999,111.246384,29083900
3/1/2019,112.889999,113.019997,111.669998,112.529999,111.742897,23501200
3/4/2019,113.019997,113.25,110.800003,112.260002,111.474785,26608000
3/5/2019,112.25,112.389999,111.230003,111.699997,110.918694,19538300
3/6/2019,111.870003,112.660004,111.43,111.75,110.968346,17687000
3/7/2019,111.400002,111.550003,109.870003,110.389999,109.617867,25339000
3/8/2019,109.160004,110.709999,108.800003,110.510002,109.737022,22818400
3/11/2019,110.989998,112.949997,110.980003,112.830002,112.040794,26491600
3/12/2019,112.82,113.989998,112.650002,113.620003,112.825272,26132700
3/13/2019,114.129997,115,113.779999,114.5,113.699112,35513800
3/14/2019,114.540001,115.199997,114.330002,114.589996,113.788483,30763400
3/15/2019,115.339996,117.25,114.589996,115.910004,115.099251,54681100
3/18/2019,116.169998,117.610001,116.050003,117.57,116.747635,31207600
3/19/2019,118.089996,118.440002,116.989998,117.650002,116.82708,37588700
3/20/2019,117.389999,118.75,116.709999,117.519997,116.697983,28113300
3/21/2019,117.139999,120.82,117.089996,120.220001,119.379105,29854400
3/22/2019,119.5,119.589996,117.040001,117.050003,116.231277,33624500
3/25/2019,116.559998,118.010002,116.32,117.660004,116.837013,27067100
3/26/2019,118.620003,118.709999,116.849998,117.910004,117.085266,26097700
3/27/2019,117.879997,118.209999,115.519997,116.769997,115.953232,22733400
3/28/2019,117.440002,117.580002,116.129997,116.93,116.112122,18334800
3/29/2019,118.07,118.32,116.959999,117.940002,117.115051,25399800
4/1/2019,118.949997,119.110001,118.099998,119.019997,118.187492,22789100
4/2/2019,119.059998,119.480003,118.519997,119.190002,118.356308,18142300
4/3/2019,119.860001,120.43,119.150002,119.970001,119.130852,22860700
4/4/2019,120.099998,120.230003,118.379997,119.360001,118.525124,20112800
4/5/2019,119.389999,120.230003,119.370003,119.889999,119.051414,15826200
4/8/2019,119.809998,120.019997,118.639999,119.93,119.091133,15116200
4/9/2019,118.629997,119.540001,118.580002,119.279999,118.445679,17612000
4/10/2019,119.760002,120.349998,119.540001,120.190002,119.349312,16477200
4/11/2019,120.540001,120.849998,119.919998,120.330002,119.488342,14209100
4/12/2019,120.639999,120.980003,120.370003,120.949997,120.103996,19745100
4/15/2019,120.940002,121.580002,120.57,121.050003,120.2033,15792600
4/16/2019,121.639999,121.650002,120.099998,120.769997,119.925255,14071800
4/17/2019,121.239998,121.849998,120.540001,121.769997,120.918259,19300900
4/18/2019,122.190002,123.519997,121.300003,123.370003,122.507072,27991000
4/22/2019,122.620003,124,122.57,123.760002,122.894341,15648700
4/23/2019,124.099998,125.580002,123.830002,125.440002,124.562599,24025500
4/24/2019,125.790001,125.849998,124.519997,125.010002,124.135605,31257000
4/25/2019,130.059998,131.369995,128.830002,129.149994,128.246643,38033900
4/26/2019,129.699997,130.520004,129.020004,129.889999,128.981461,23654900
4/29/2019,129.899994,130.179993,129.350006,129.770004,128.862305,16324200
4/30/2019,129.809998,130.699997,129.389999,130.600006,129.686493,24166500
5/1/2019,130.529999,130.649994,127.699997,127.879997,126.985519,26821700
5/2/2019,127.980003,128,125.519997,126.209999,125.327209,27350200
5/3/2019,127.360001,129.429993,127.25,128.899994,127.998383,24911100
5/6/2019,126.389999,128.559998,126.110001,128.149994,127.253632,24239800
5/7/2019,126.459999,127.18,124.220001,125.519997,124.642029,36017700
5/8/2019,125.440002,126.370003,124.75,125.510002,124.632103,28419000
5/9/2019,124.290001,125.790001,123.57,125.5,124.622177,27235800
5/10/2019,124.910004,127.93,123.82,127.129997,126.240768,30915100
5/13/2019,124.110001,125.550003,123.040001,123.349998,122.487213,33944900
5/14/2019,123.870003,125.879997,123.699997,124.730003,123.857559,25266300
5/15/2019,124.260002,126.709999,123.699997,126.019997,125.601746,24722700
5/16/2019,126.75,129.380005,126.459999,128.929993,128.50209,30112200
5/17/2019,128.309998,130.460007,127.919998,128.070007,127.644958,25770500
5/20/2019,126.519997,127.589996,125.760002,126.220001,125.801086,23706900
5/21/2019,127.43,127.529999,126.580002,126.900002,126.478836,15293300
5/22/2019,126.620003,128.240005,126.519997,127.669998,127.246277,15396500
5/23/2019,126.199997,126.290001,124.739998,126.18,125.761223,23603800
5/24/2019,126.910004,127.419998,125.970001,126.239998,125.821022,14123400
5/28/2019,126.980003,128,126.050003,126.160004,125.741287,23128400
5/29/2019,125.379997,125.389999,124.040001,124.940002,124.525337,22763100
5/30/2019,125.260002,125.760002,124.779999,125.730003,125.312714,16829600
5/31/2019,124.230003,124.620003,123.32,123.68,123.269516,26646800
6/3/2019,123.849998,124.370003,119.010002,119.839996,119.442261,37983600
6/4/2019,121.279999,123.279999,120.650002,123.160004,122.751244,29382600
6/5/2019,124.949997,125.870003,124.209999,125.830002,125.412384,24926100
6/6/2019,126.440002,127.970001,125.599998,127.82,127.395775,21459000
6/7/2019,129.190002,132.25,128.259995,131.399994,130.963882,33885600
6/10/2019,132.399994,134.080002,132,132.600006,132.159912,26477100
6/11/2019,133.880005,134.240005,131.279999,132.100006,131.661575,23913700
6/12/2019,131.399994,131.970001,130.710007,131.490005,131.053604,17092500
6/13/2019,131.979996,133,131.559998,132.320007,131.880844,17200800
6/14/2019,132.259995,133.789993,131.639999,132.449997,132.010406,17821700
6/17/2019,132.630005,133.729996,132.529999,132.850006,132.409088,14517800
6/18/2019,134.190002,135.240005,133.570007,135.160004,134.711426,25934500
6/19/2019,135,135.929993,133.809998,135.690002,135.239655,23744400
6/20/2019,137.449997,137.660004,135.720001,136.949997,136.495468,33042600
6/21/2019,136.580002,137.729996,136.460007,136.970001,136.515411,36727900
6/24/2019,137,138.399994,137,137.779999,137.322723,20628800
6/25/2019,137.25,137.589996,132.729996,133.429993,132.987152,33327400
6/26/2019,134.350006,135.740005,133.600006,133.929993,133.485489,23657700
6/27/2019,134.139999,134.710007,133.509995,134.149994,133.704758,16557500
6/28/2019,134.570007,134.600006,133.160004,133.960007,133.515411,30043000
7/1/2019,136.630005,136.699997,134.970001,135.679993,135.229691,22654200
7/2/2019,136.119995,136.589996,135.339996,136.580002,136.126709,15237800
7/3/2019,136.800003,137.740005,136.289993,137.460007,137.003784,13629300
7/5/2019,135.940002,137.330002,135.720001,137.059998,136.605103,18141100
7/8/2019,136.399994,137.100006,135.369995,136.960007,136.505447,16779700
7/9/2019,136,136.970001,135.800003,136.460007,136.007111,19953100
7/10/2019,137.130005,138.580002,137.020004,137.850006,137.392502,24204400
7/11/2019,138.199997,139.220001,137.869995,138.399994,137.940659,22327900
7/12/2019,138.850006,139.130005,138.009995,138.899994,138.438995,18936800
7/15/2019,139.440002,139.539993,138.460007,138.899994,138.438995,16651500
7/16/2019,138.960007,139.050003,136.520004,137.080002,136.625046,22726100
7/17/2019,137.699997,137.929993,136.220001,136.270004,135.817734,20211000
7/18/2019,135.550003,136.619995,134.669998,136.419998,135.967239,30808700
7/19/2019,140.220001,140.669998,136.449997,136.619995,136.166565,48992400
7/22/2019,137.410004,139.190002,137.330002,138.429993,137.970551,25074900
7/23/2019,139.759995,139.990005,138.029999,139.289993,138.827698,18034600
7/24/2019,138.899994,140.740005,138.850006,140.720001,140.25296,20738300
7/25/2019,140.429993,140.610001,139.320007,140.190002,139.724731,18356900
7/26/2019,140.369995,141.679993,140.300003,141.339996,140.870895,19037600
7/29/2019,141.5,141.509995,139.369995,141.029999,140.561935,16605900
7/30/2019,140.139999,141.220001,139.800003,140.350006,139.884201,16846500
7/31/2019,140.330002,140.490005,135.080002,136.270004,135.817734,38598800
8/1/2019,137,140.940002,136.929993,138.059998,137.601791,40557500
8/2/2019,138.089996,138.320007,135.259995,136.899994,136.445633,30791600
8/5/2019,133.300003,133.929993,130.779999,132.210007,131.77121,42749600
8/6/2019,133.800003,135.679993,133.210007,134.690002,134.242981,32696700
8/7/2019,133.789993,135.649994,131.830002,135.279999,134.831024,33414500
8/8/2019,136.600006,138.990005,135.929993,138.889999,138.429031,27496500
8/9/2019,138.610001,139.380005,136.460007,137.710007,137.25296,23466700
8/12/2019,137.070007,137.860001,135.240005,135.789993,135.339325,20476600
8/13/2019,136.050003,138.800003,135,138.600006,138.139999,25154600
8/14/2019,136.360001,136.919998,133.669998,133.979996,133.979996,32527300
8/15/2019,134.389999,134.580002,132.25,133.679993,133.679993,28074400
8/16/2019,134.880005,136.460007,134.720001,136.130005,136.130005,24449100
8/19/2019,137.850006,138.550003,136.889999,138.410004,138.410004,24355700
8/20/2019,138.210007,138.710007,137.240005,137.259995,137.259995,21170800
8/21/2019,138.550003,139.490005,138,138.789993,138.789993,14970300
8/22/2019,138.660004,139.199997,136.289993,137.779999,137.779999,18697000
8/23/2019,137.190002,138.350006,132.800003,133.389999,133.389999,38508600
8/26/2019,134.990005,135.559998,133.899994,135.449997,135.449997,20312600
8/27/2019,136.389999,136.720001,134.660004,135.740005,135.740005,23102100
8/28/2019,134.880005,135.759995,133.550003,135.559998,135.559998,17393300
8/29/2019,137.25,138.440002,136.910004,138.119995,138.119995,20168700
